0,1,2,3,4,5,6,7,8,9,10,11,12,13,14,15,16,17,18,19,20,21,22,23,24,25,26,27,28,29,30,31,32,33,34,35,36,37,38,39,40,41,42,43,44,45,46,47,48,49,50,51,52,53,54,55,56,57,58,59,60,61,62,63,64,65,66,67,68,69,70,71,72,73,74,75,76,77,78,79,80,81,82,83,84,85,86,87,88,89,90,91,92,93,94,95,96,97,98,99,100,101,102,103,104,105,106,107,108,109,110,111,112,113,114,115,116,117,118,119,120,121,122,123,124,125,126,127,128,129,130,131,132,133,134,135,136,137,138,139,140,141,142,143,144,145,146,147,148,149,150,151,152,153,154,155,156,157,158,159,160,161,162,163,164,165,166,167,168,169,170,171,172,173,174,175,176,177,178,179,180,181,182,183,184,185,186,187,188,189,190,191,192,193,194,195,196,197,198,199,200,201,202,203,204,205,206,207,208,209,210,211,212,213,214,215,216,217,218,219,220,221,222,223,224,225,226,227,228,229,230,231,232,233,234,235,236,237,238,239,240,241,242,243,244,245,246,247,248,249,250,251,252,253,254,255,256,257,258,259,260,261,262,263,264,265,266,267,268,269,270,271,272,273,274,275,276,277,278,279,280,281,282,283,284,285,286,287,288,289,290,291,292,293,294,295,296,297,298,299,300,301,302,303,304,305,306,307,308,309,310,311,312,313,314,315,316,317,318,319,320,321,322,323,324,325,326,327,328,329,330,331,332,333,334,335,336,337,338,339,340,341,342,343,344,345,346,347,348,349,350,351,352,353,354,355,356,357,358,359,360,361,362,363,364,365,366,367,368,369,370,371,372,373,374,375,376,377,378,379,380,381,382,383,384,385,386,387,388,389,390,391,392,393,394,395,396,397,398,399,400,401,402,403,404,405,406,407,408,409,410,411,412,413,414,415,416,417,418,419,420,421,422,423,424,425,426,427,428,429,430,431,432,433,434,435,436,437,438,439,440,441,442,443,444,445,446,447,448,449,450,451,452,453,454,455,456,457,458,459,460,461,462,463,464,465,466,467,468,469,470,471,472,473,474,475,476,477,478,479,480,481,482,483,484,485,486,487,488,489,490,491,492,493,494,495,496,497,498,499,500,501,502,503,504,505,506,507,508,509,510,511,512,513,514,515,516,517,518,519,520,521,522,523,524,525,526,527,528,529,530,531,532,533,534,535,536,537,538,539,540,541,542,543,544,545,546,547,548,549,550,551,552,553,554,555,556,557,558,559,560,561,562,563,564,565,566,567,568,569,570,571,572,573,574,575,576,577,578,579,580,581,582,583,584,585,586,587,588,589,590,591,592,593,594,595,596,597,598,599,600,601,602,603,604,605,606,607,608,609,610,611,612,613,614,615,616,617,618,619,620,621,622,623,624,625,626,627,628,629,630,631,632,633,634,635,636,637,638,639,640,641,642
0.14,1.0,1.0,1.0,1.0,1.0,1.0,1.0,1.0,1.0,1.0,1.0,1.0,1.0,1.0,1.0,1.0,1.0,1.0,1.0,1.0,1.0,1.0,1.0,1.0,1.0,1.0,1.0,1.0,1.0,1.0,0.0,0.0,0.96,1.0,1.0,1.0,1.0,1.0,1.0,1.0,1.0,1.0,1.0,0.94,1.0,1.0,1.0,1.0,0.98,1.0,0.0,1.0,1.0,1.0,1.0,1.0,1.0,1.0,1.0,1.0,0.94,1.0,1.0,1.0,1.0,1.0,0.0,0.06,1.0,0.98,1.0,1.0,1.0,1.0,1.0,1.0,1.0,1.0,1.0,1.0,1.0,1.0,0.04,1.0,1.0,1.0,1.0,1.0,1.0,1.0,1.0,1.0,1.0,1.0,1.0,1.0,1.0,1.0,1.0,1.0,1.0,1.0,1.0,1.0,1.0,0.96,1.0,1.0,1.0,1.0,0.0,1.0,1.0,1.0,1.0,1.0,0.08,0.14,1.0,1.0,1.0,1.0,1.0,1.0,1.0,1.0,0.98,1.0,1.0,1.0,1.0,1.0,1.0,1.0,1.0,1.0,1.0,1.0,0.94,0.0,1.0,1.0,0.94,1.0,1.0,1.0,0.02,1.0,0.0,1.0,0.04,1.0,1.0,1.0,1.0,1.0,0.0,0.86,1.0,1.0,1.0,1.0,1.0,1.0,1.0,1.0,1.0,0.14,1.0,1.0,1.0,1.0,1.0,1.0,1.0,1.0,0.0,1.0,0.14,1.0,1.0,1.0,1.0,1.0,1.0,1.0,1.0,1.0,1.0,1.0,1.0,1.0,1.0,0.92,1.0,1.0,1.0,1.0,1.0,1.0,1.0,1.0,1.0,1.0,1.0,1.0,1.0,1.0,1.0,1.0,1.0,1.0,1.0,1.0,1.0,1.0,1.0,1.0,1.0,1.0,1.0,1.0,1.0,0.98,1.0,1.0,1.0,1.0,1.0,1.0,1.0,1.0,1.0,1.0,1.0,1.0,1.0,1.0,1.0,1.0,1.0,1.0,1.0,1.0,1.0,1.0,1.0,1.0,1.0,1.0,0.06,1.0,1.0,1.0,1.0,1.0,1.0,1.0,1.0,1.0,1.0,0.0,1.0,0.98,1.0,1.0,1.0,1.0,1.0,1.0,1.0,1.0,1.0,0.06,1.0,1.0,1.0,0.94,1.0,0.14,1.0,1.0,1.0,1.0,1.0,1.0,1.0,1.0,1.0,1.0,0.94,1.0,1.0,1.0,1.0,1.0,1.0,1.0,1.0,1.0,0.0,1.0,1.0,1.0,1.0,1.0,1.0,1.0,1.0,1.0,1.0,1.0,1.0,1.0,1.0,1.0,1.0,1.0,1.0,1.0,1.0,1.0,1.0,1.0,1.0,1.0,1.0,1.0,1.0,1.0,1.0,1.0,1.0,1.0,1.0,1.0,1.0,1.0,1.0,1.0,1.0,1.0,1.0,1.0,1.0,1.0,1.0,1.0,1.0,1.0,1.0,1.0,1.0,1.0,1.0,1.0,1.0,1.0,1.0,0.02,0.86,1.0,1.0,1.0,1.0,1.0,0.0,0.06,0.02,1.0,1.0,1.0,1.0,1.0,1.0,1.0,1.0,1.0,1.0,1.0,1.0,1.0,1.0,1.0,1.0,1.0,1.0,0.88,1.0,1.0,1.0,1.0,0.0,1.0,1.0,1.0,1.0,1.0,1.0,0.06,1.0,1.0,1.0,0.0,1.0,0.98,1.0,1.0,1.0,1.0,0.98,1.0,1.0,1.0,1.0,1.0,1.0,1.0,1.0,1.0,1.0,0.94,1.0,1.0,1.0,1.0,1.0,0.12,1.0,1.0,1.0,1.0,0.14,1.0,1.0,1.0,0.88,1.0,1.0,1.0,1.0,1.0,0.0,1.0,1.0,1.0,1.0,1.0,1.0,1.0,1.0,1.0,1.0,1.0,1.0,1.0,1.0,1.0,1.0,1.0,1.0,1.0,0.0,1.0,1.0,0.0,1.0,1.0,1.0,1.0,1.0,1.0,1.0,1.0,1.0,1.0,1.0,1.0,1.0,1.0,1.0,1.0,1.0,1.0,1.0,1.0,1.0,1.0,0.92,1.0,1.0,1.0,1.0,1.0,1.0,1.0,1.0,1.0,1.0,1.0,1.0,1.0,1.0,1.0,1.0,1.0,1.0,1.0,0.98,1.0,1.0,1.0,1.0,1.0,1.0,1.0,0.94,1.0,0.0,1.0,1.0,1.0,1.0,1.0,1.0,1.0,1.0,1.0,1.0,1.0,1.0,1.0,1.0,1.0,1.0,0.02,1.0,1.0,1.0,1.0,1.0,1.0,0.0,1.0,1.0,1.0,1.0,1.0,1.0,1.0,1.0,1.0,1.0,1.0,0.86,1.0,1.0,1.0,1.0,1.0,1.0,1.0,1.0,1.0,1.0,0.94,1.0,1.0,1.0,1.0,1.0,0.14,1.0,0.98,1.0,1.0,1.0,1.0,1.0,1.0,1.0,0.0,1.0,1.0,1.0,1.0,1.0,1.0,1.0,1.0,1.0,0.86,1.0,1.0,1.0,1.0,1.0,1.0,0.0,0.98,1.0,1.0,1.0,1.0,1.0,0.86,1.0,1.0,1.0,1.0,1.0,1.0,1.0,0.98,1.0,0.98,1.0,1.0,1.0,1.0,1.0,1.0,1.0,1.0,1.0,1.0,1.0,1.0,1.0,0.94,1.0,0.0,1.0,1.0,0.14,1.0,1.0,1.0,1.0,1.0,1.0,1.0
0.5,1.0,1.0,1.0,1.0,1.0,1.0,1.0,1.0,1.0,1.0,1.0,1.0,1.0,1.0,1.0,1.0,1.0,1.0,1.0,1.0,1.0,1.0,0.82,1.0,1.0,1.0,1.0,1.0,1.0,1.0,0.06,0.12,0.98,1.0,1.0,1.0,1.0,1.0,1.0,0.98,1.0,1.0,1.0,0.96,1.0,1.0,1.0,1.0,0.98,1.0,0.08,1.0,1.0,1.0,1.0,1.0,1.0,1.0,1.0,1.0,0.94,1.0,1.0,1.0,1.0,1.0,0.3,0.06,1.0,0.96,1.0,1.0,0.98,1.0,1.0,1.0,1.0,1.0,1.0,1.0,1.0,1.0,0.04,1.0,1.0,1.0,1.0,1.0,1.0,1.0,1.0,1.0,1.0,1.0,1.0,1.0,1.0,1.0,1.0,1.0,1.0,1.0,1.0,1.0,1.0,1.0,1.0,1.0,1.0,1.0,0.005,1.0,0.98,1.0,1.0,1.0,0.28,0.14,1.0,1.0,1.0,1.0,1.0,1.0,1.0,1.0,0.94,1.0,1.0,1.0,1.0,1.0,1.0,1.0,1.0,1.0,1.0,1.0,0.94,0.64,1.0,1.0,0.78,1.0,1.0,1.0,0.2,1.0,0.0,1.0,0.1,1.0,1.0,0.94,1.0,1.0,0.02,0.66,1.0,1.0,1.0,1.0,1.0,0.995,1.0,1.0,1.0,0.48,1.0,1.0,1.0,1.0,1.0,1.0,1.0,1.0,0.04,1.0,0.44,1.0,1.0,1.0,1.0,1.0,1.0,1.0,1.0,1.0,1.0,1.0,1.0,1.0,1.0,0.88,1.0,1.0,1.0,1.0,1.0,1.0,1.0,1.0,1.0,1.0,1.0,1.0,0.96,1.0,1.0,1.0,1.0,1.0,1.0,1.0,1.0,1.0,1.0,1.0,1.0,1.0,1.0,1.0,1.0,1.0,1.0,1.0,1.0,1.0,1.0,1.0,1.0,1.0,1.0,1.0,1.0,1.0,1.0,1.0,1.0,1.0,0.98,1.0,1.0,1.0,1.0,0.98,1.0,1.0,1.0,1.0,0.06,1.0,1.0,1.0,1.0,1.0,1.0,1.0,1.0,1.0,1.0,0.0,1.0,0.98,1.0,1.0,1.0,1.0,1.0,1.0,1.0,1.0,0.995,0.06,1.0,1.0,1.0,0.94,1.0,0.34,1.0,1.0,1.0,0.98,1.0,1.0,1.0,1.0,1.0,1.0,0.94,1.0,1.0,1.0,1.0,1.0,1.0,1.0,1.0,1.0,0.32,1.0,1.0,1.0,1.0,0.995,1.0,1.0,1.0,1.0,1.0,1.0,1.0,1.0,1.0,1.0,1.0,1.0,0.98,1.0,1.0,1.0,1.0,1.0,1.0,1.0,1.0,1.0,1.0,1.0,1.0,1.0,1.0,1.0,1.0,1.0,1.0,1.0,1.0,1.0,1.0,1.0,1.0,0.82,1.0,0.96,0.98,1.0,0.82,1.0,1.0,1.0,0.98,1.0,1.0,1.0,1.0,1.0,1.0,0.02,0.86,1.0,1.0,1.0,1.0,1.0,0.0,0.18,0.14,1.0,1.0,1.0,1.0,1.0,1.0,1.0,1.0,1.0,0.98,1.0,1.0,1.0,1.0,1.0,1.0,1.0,0.98,0.9,1.0,1.0,1.0,1.0,0.0,1.0,1.0,1.0,1.0,1.0,1.0,0.06,1.0,1.0,1.0,0.0,1.0,0.98,1.0,1.0,1.0,1.0,0.9,1.0,1.0,1.0,1.0,1.0,1.0,1.0,1.0,1.0,1.0,0.96,1.0,1.0,1.0,0.82,1.0,0.1,1.0,1.0,1.0,1.0,0.28,1.0,1.0,1.0,0.78,0.98,1.0,1.0,1.0,1.0,0.0,1.0,1.0,1.0,1.0,1.0,0.82,1.0,1.0,1.0,1.0,0.98,1.0,1.0,1.0,1.0,1.0,1.0,1.0,1.0,0.0,1.0,1.0,0.0,1.0,1.0,1.0,1.0,0.98,0.98,1.0,0.995,1.0,1.0,1.0,1.0,1.0,1.0,1.0,1.0,1.0,1.0,1.0,1.0,0.96,1.0,0.94,1.0,1.0,1.0,1.0,1.0,1.0,1.0,1.0,1.0,1.0,1.0,1.0,1.0,1.0,1.0,1.0,1.0,1.0,1.0,0.98,1.0,1.0,1.0,1.0,1.0,1.0,1.0,0.94,1.0,0.0,1.0,1.0,1.0,1.0,1.0,1.0,1.0,1.0,1.0,1.0,1.0,1.0,1.0,1.0,0.94,1.0,0.16,1.0,1.0,1.0,1.0,1.0,1.0,0.0,1.0,1.0,1.0,0.98,1.0,1.0,1.0,1.0,1.0,1.0,1.0,0.72,1.0,0.98,1.0,0.98,1.0,1.0,1.0,1.0,1.0,1.0,0.94,1.0,1.0,1.0,1.0,1.0,0.32,1.0,0.98,0.98,1.0,1.0,1.0,1.0,1.0,1.0,0.02,1.0,1.0,1.0,1.0,1.0,1.0,1.0,1.0,1.0,0.52,1.0,1.0,1.0,1.0,1.0,1.0,0.0,0.98,1.0,0.98,1.0,0.98,1.0,0.7,1.0,1.0,1.0,1.0,1.0,1.0,1.0,0.98,1.0,1.0,1.0,1.0,1.0,1.0,1.0,0.9,1.0,1.0,1.0,1.0,1.0,0.98,1.0,0.94,1.0,0.0,1.0,1.0,0.36,1.0,1.0,1.0,1.0,1.0,1.0,1.0
0.38,1.0,0.98,0.98,1.0,1.0,0.98,1.0,0.98,1.0,0.98,0.98,1.0,1.0,0.795,1.0,1.0,1.0,1.0,1.0,0.96,1.0,1.0,1.0,0.98,1.0,0.98,1.0,0.98,0.96,1.0,0.02,0.02,1.0,1.0,0.98,0.755,0.94,0.98,1.0,1.0,0.98,1.0,0.98,0.96,1.0,1.0,0.98,0.98,0.94,0.98,0.02,1.0,1.0,1.0,1.0,1.0,0.92,1.0,1.0,1.0,0.96,1.0,0.94,0.96,0.82,0.98,0.3,0.16,1.0,1.0,0.98,0.92,0.96,1.0,1.0,0.94,1.0,0.98,0.98,0.92,1.0,1.0,0.0,1.0,0.98,0.98,1.0,1.0,1.0,0.92,1.0,1.0,1.0,1.0,1.0,1.0,1.0,0.92,0.98,0.98,0.86,1.0,0.94,0.96,1.0,1.0,1.0,1.0,1.0,0.88,0.20766666666666667,1.0,0.98,0.98,1.0,1.0,0.22,0.06,1.0,1.0,0.78,1.0,0.98,1.0,0.94,0.9,0.94,0.98,0.98,0.94,0.98,0.92,1.0,0.98,1.0,0.815,0.98,1.0,0.94,0.6,0.98,0.98,0.92,1.0,1.0,1.0,0.6,0.94,0.02,0.98,0.04,0.94,1.0,0.9,1.0,1.0,0.02,0.9,0.98,1.0,1.0,1.0,0.98,1.0,0.98,0.98,0.92,0.35233333333333333,1.0,1.0,1.0,0.98,1.0,1.0,1.0,0.98,0.12,1.0,0.28,1.0,1.0,1.0,1.0,0.82,1.0,1.0,1.0,1.0,1.0,0.98,1.0,0.98,1.0,0.9,1.0,0.94,0.94,1.0,1.0,1.0,1.0,0.98,0.755,1.0,0.985,0.98,1.0,0.94,1.0,1.0,1.0,0.98,0.98,0.98,0.98,1.0,1.0,0.94,1.0,1.0,1.0,1.0,1.0,1.0,1.0,1.0,0.92,1.0,1.0,1.0,1.0,0.98,1.0,1.0,1.0,1.0,1.0,1.0,0.98,1.0,0.98,1.0,1.0,1.0,1.0,0.915,0.94,1.0,1.0,1.0,0.16,0.98,0.94,1.0,1.0,0.94,0.98,1.0,1.0,1.0,0.98,0.02,1.0,0.92,1.0,0.98,0.98,0.94,1.0,1.0,1.0,1.0,0.7923333333333332,0.16,1.0,1.0,0.9,0.96,1.0,0.24,0.98,1.0,0.98,0.98,0.94,1.0,0.985,0.98,1.0,0.98,0.96,0.98,0.94,1.0,1.0,0.98,0.92,0.94,0.98,0.98,0.54,1.0,1.0,1.0,0.96,1.0,0.98,1.0,0.92,0.98,0.98,1.0,0.98,1.0,1.0,0.98,1.0,0.92,1.0,0.86,0.98,0.94,1.0,0.82,1.0,1.0,0.94,1.0,0.96,0.94,0.98,0.98,0.94,0.98,1.0,1.0,1.0,1.0,1.0,0.98,0.94,1.0,0.98,0.9,1.0,0.96,0.98,0.98,0.98,1.0,1.0,1.0,0.98,1.0,1.0,0.98,0.98,0.98,0.92,0.115,0.94,0.96,0.86,0.98,1.0,1.0,0.02,0.14,0.12,1.0,1.0,0.98,1.0,0.98,0.98,1.0,0.94,0.98,1.0,1.0,1.0,1.0,1.0,0.98,0.98,0.98,0.985,0.96,0.98,1.0,0.98,1.0,0.02,0.86,1.0,0.94,0.98,1.0,0.98,0.04,1.0,1.0,1.0,0.25666666666666665,0.98,1.0,1.0,1.0,1.0,1.0,0.92,1.0,1.0,1.0,0.92,1.0,0.98,1.0,0.98,1.0,0.98,0.94,1.0,1.0,1.0,1.0,0.96,0.06,1.0,1.0,1.0,1.0,0.14,0.94,1.0,0.9,0.94,1.0,1.0,1.0,0.98,1.0,0.1,1.0,1.0,1.0,1.0,1.0,0.98,0.94,0.7433333333333333,0.7433333333333333,0.98,0.88,0.98,0.94,0.94,0.98,1.0,0.94,1.0,1.0,0.02,0.88,0.88,0.0,1.0,1.0,0.98,0.98,0.98,0.98,1.0,1.0,0.98,1.0,0.92,0.98,0.98,0.94,0.86,1.0,0.86,1.0,0.98,0.92,0.96,1.0,0.94,0.98,1.0,1.0,0.92,1.0,0.78,1.0,0.94,1.0,1.0,1.0,1.0,1.0,0.94,1.0,0.98,0.98,0.96,0.94,0.98,1.0,0.96,1.0,0.98,0.98,1.0,0.98,0.96,0.98,0.02,1.0,1.0,0.98,1.0,1.0,1.0,1.0,0.98,0.98,1.0,0.94,1.0,1.0,1.0,0.9,1.0,0.0,0.98,0.94,0.98,0.92,0.98,1.0,0.0,1.0,1.0,1.0,1.0,0.86,0.94,1.0,0.94,1.0,0.98,1.0,0.88,1.0,0.98,1.0,0.88,1.0,0.92,0.94,1.0,1.0,0.98,0.925,1.0,1.0,0.98,0.835,0.82,0.24,1.0,1.0,1.0,0.94,1.0,0.92,1.0,0.94,1.0,0.02,1.0,1.0,1.0,1.0,0.98,0.98,0.98,0.94,0.98,0.6476666666666666,1.0,1.0,0.98,1.0,0.98,0.92,0.02,1.0,0.96,0.98,1.0,1.0,1.0,0.88,0.98,0.92,0.94,1.0,1.0,1.0,0.98,0.98,1.0,1.0,1.0,1.0,0.98,0.94,1.0,0.9,1.0,0.96,1.0,0.98,1.0,1.0,1.0,0.96,1.0,0.08,1.0,0.98,0.24,1.0,0.98,1.0,1.0,0.94,0.98,1.0
0.24,0.98,0.98,0.98,1.0,1.0,0.98,1.0,0.98,0.98,1.0,0.98,1.0,1.0,0.92,1.0,1.0,1.0,1.0,1.0,0.98,1.0,1.0,0.98,0.98,0.98,0.98,1.0,0.98,0.92,1.0,0.4,0.1,1.0,1.0,0.98,0.92,0.98,0.98,1.0,0.98,0.98,1.0,1.0,0.96,1.0,0.98,1.0,0.98,0.9,0.98,0.42,0.98,0.98,1.0,1.0,1.0,0.92,1.0,1.0,1.0,0.9,1.0,0.98,0.72,0.92,0.98,0.16,0.1,1.0,0.98,0.98,1.0,0.98,0.98,1.0,1.0,1.0,0.98,0.98,1.0,1.0,1.0,0.06,1.0,0.98,0.98,1.0,1.0,1.0,0.92,1.0,1.0,1.0,1.0,1.0,1.0,1.0,0.92,0.98,0.98,0.98,1.0,0.96,0.98,1.0,0.98,1.0,1.0,1.0,0.98,0.0,1.0,1.0,0.98,1.0,1.0,0.26,0.02,1.0,0.98,0.86,1.0,0.98,0.98,1.0,1.0,0.98,0.98,0.98,1.0,0.98,1.0,1.0,0.98,0.98,0.92,0.98,1.0,0.9,0.16,0.98,1.0,0.98,1.0,1.0,0.98,0.14,1.0,0.24,0.98,0.1,0.98,1.0,0.96,1.0,1.0,0.0,0.88,0.98,1.0,1.0,1.0,1.0,1.0,0.98,1.0,0.92,0.24,0.98,1.0,1.0,0.98,1.0,1.0,1.0,0.98,0.28,1.0,0.2,0.98,1.0,1.0,1.0,0.92,0.98,1.0,1.0,1.0,0.98,0.98,0.98,0.98,1.0,0.98,1.0,1.0,0.98,1.0,1.0,0.98,1.0,1.0,0.92,1.0,1.0,0.98,1.0,1.0,1.0,0.98,1.0,0.98,0.98,0.98,0.98,1.0,1.0,0.98,1.0,1.0,1.0,1.0,1.0,1.0,1.0,1.0,1.0,0.98,1.0,1.0,1.0,0.98,0.98,1.0,1.0,1.0,1.0,0.98,0.98,1.0,0.98,1.0,1.0,1.0,0.98,0.98,0.98,1.0,1.0,1.0,0.1,1.0,1.0,1.0,1.0,0.68,0.98,1.0,1.0,1.0,0.98,0.3,1.0,0.92,1.0,1.0,0.98,1.0,1.0,1.0,1.0,1.0,1.0,0.1,1.0,1.0,0.98,0.9,1.0,0.26,0.98,1.0,0.98,0.98,0.98,0.98,1.0,0.76,1.0,1.0,0.9,0.98,0.98,1.0,1.0,0.98,1.0,1.0,0.98,0.98,0.12,1.0,1.0,1.0,0.98,1.0,0.98,1.0,0.92,1.0,0.98,1.0,0.98,0.98,1.0,0.98,1.0,0.92,1.0,0.98,0.98,1.0,1.0,0.92,1.0,1.0,0.7,1.0,0.92,0.98,0.98,0.98,1.0,1.0,1.0,1.0,1.0,1.0,1.0,0.98,1.0,0.98,0.98,0.94,0.98,0.98,1.0,0.98,0.98,1.0,1.0,1.0,0.98,1.0,1.0,0.98,0.98,0.98,1.0,0.0,0.84,0.98,0.98,0.98,1.0,0.98,0.24,0.04,0.3,1.0,1.0,1.0,0.98,0.98,0.98,1.0,1.0,0.98,0.98,1.0,1.0,1.0,0.98,0.98,1.0,0.98,1.0,0.96,0.98,0.98,1.0,1.0,0.02,0.98,1.0,1.0,0.98,0.98,0.98,0.24,1.0,0.98,0.98,0.08,0.98,1.0,0.98,1.0,1.0,0.98,0.88,1.0,1.0,0.98,0.92,1.0,0.98,1.0,0.98,1.0,0.98,0.9,1.0,1.0,0.98,0.98,0.92,0.32,1.0,1.0,1.0,1.0,0.06,1.0,0.98,0.88,0.94,1.0,1.0,1.0,0.98,0.98,0.24,1.0,1.0,1.0,1.0,0.98,0.98,0.98,0.92,0.92,0.98,0.86,0.98,1.0,0.86,0.98,1.0,1.0,1.0,0.98,0.24,1.0,1.0,0.16,0.98,1.0,0.98,0.98,0.96,0.98,1.0,1.0,0.98,1.0,0.92,1.0,0.98,1.0,0.98,1.0,0.98,1.0,0.98,0.92,0.94,1.0,0.96,0.98,1.0,1.0,1.0,1.0,0.98,1.0,0.98,0.98,1.0,0.98,1.0,1.0,1.0,1.0,0.98,0.98,0.98,1.0,1.0,1.0,0.98,0.98,1.0,0.98,0.98,0.98,0.98,0.98,0.02,1.0,1.0,0.98,1.0,0.98,1.0,1.0,1.0,0.98,0.98,1.0,1.0,1.0,0.98,0.92,1.0,0.0,0.98,1.0,0.98,1.0,0.98,1.0,0.38,0.98,0.98,1.0,1.0,0.98,1.0,1.0,0.76,1.0,0.98,0.98,0.9,0.98,1.0,1.0,0.86,1.0,1.0,0.92,1.0,1.0,1.0,0.9,0.98,0.98,0.98,0.92,0.98,0.28,0.98,1.0,0.98,1.0,0.98,0.92,1.0,0.98,1.0,0.02,0.98,1.0,1.0,1.0,0.98,0.98,0.98,1.0,0.98,0.76,0.98,1.0,0.98,1.0,0.98,1.0,0.02,1.0,0.98,1.0,1.0,1.0,1.0,0.74,0.98,1.0,1.0,0.98,1.0,1.0,0.98,1.0,1.0,0.82,0.84,1.0,0.98,1.0,1.0,0.9,1.0,0.92,1.0,0.98,1.0,1.0,1.0,0.9,1.0,0.24,0.98,1.0,0.16,1.0,1.0,1.0,1.0,1.0,0.98,1.0
0.1,1.0,1.0,1.0,1.0,1.0,1.0,1.0,1.0,1.0,1.0,1.0,1.0,1.0,1.0,1.0,1.0,1.0,1.0,1.0,1.0,1.0,1.0,0.92,1.0,1.0,1.0,1.0,1.0,1.0,1.0,0.66,0.38,1.0,1.0,1.0,1.0,1.0,1.0,1.0,1.0,1.0,1.0,1.0,0.98,1.0,1.0,1.0,1.0,0.96,1.0,0.68,1.0,1.0,1.0,1.0,1.0,1.0,1.0,1.0,1.0,0.96,1.0,1.0,0.9,1.0,1.0,0.48,0.48,1.0,1.0,1.0,1.0,0.94,1.0,1.0,1.0,1.0,1.0,1.0,1.0,1.0,1.0,0.44,1.0,1.0,1.0,1.0,1.0,1.0,1.0,1.0,1.0,1.0,1.0,1.0,1.0,1.0,1.0,1.0,1.0,1.0,1.0,1.0,1.0,1.0,1.0,1.0,1.0,1.0,1.0,0.0,1.0,1.0,1.0,1.0,1.0,0.68,0.55,1.0,1.0,1.0,1.0,1.0,1.0,1.0,0.6,0.88,1.0,1.0,1.0,1.0,1.0,1.0,1.0,1.0,1.0,1.0,1.0,0.52,0.08,1.0,1.0,0.94,1.0,1.0,1.0,0.0,1.0,0.56,1.0,0.52,1.0,1.0,0.98,0.64,1.0,0.48,0.9,1.0,1.0,1.0,1.0,1.0,1.0,1.0,1.0,1.0,0.55,1.0,1.0,1.0,1.0,1.0,1.0,1.0,1.0,0.34,1.0,0.55,1.0,1.0,1.0,1.0,1.0,1.0,1.0,1.0,1.0,1.0,1.0,1.0,1.0,1.0,0.9,1.0,1.0,1.0,1.0,1.0,1.0,1.0,1.0,1.0,1.0,1.0,1.0,1.0,0.6,1.0,1.0,1.0,1.0,1.0,1.0,1.0,1.0,1.0,1.0,1.0,1.0,1.0,1.0,1.0,1.0,1.0,1.0,1.0,1.0,1.0,1.0,1.0,1.0,1.0,1.0,1.0,1.0,1.0,1.0,1.0,1.0,1.0,1.0,1.0,1.0,1.0,1.0,1.0,1.0,1.0,1.0,0.52,1.0,1.0,1.0,1.0,0.58,1.0,1.0,1.0,1.0,1.0,0.5,1.0,1.0,1.0,1.0,1.0,1.0,1.0,1.0,1.0,1.0,1.0,0.48,1.0,1.0,1.0,0.96,1.0,0.68,1.0,1.0,1.0,1.0,1.0,1.0,1.0,0.58,1.0,1.0,0.48,1.0,1.0,1.0,1.0,1.0,1.0,1.0,1.0,1.0,0.0,1.0,1.0,1.0,1.0,1.0,1.0,1.0,1.0,0.6,1.0,1.0,1.0,1.0,1.0,1.0,1.0,1.0,1.0,1.0,1.0,1.0,1.0,1.0,1.0,1.0,0.66,1.0,1.0,1.0,1.0,1.0,1.0,1.0,1.0,1.0,1.0,1.0,1.0,1.0,1.0,1.0,1.0,1.0,1.0,0.98,1.0,1.0,0.92,1.0,1.0,1.0,1.0,1.0,1.0,1.0,1.0,1.0,1.0,0.4,0.42,1.0,1.0,1.0,1.0,1.0,0.56,0.57,0.5,1.0,1.0,1.0,1.0,1.0,1.0,1.0,1.0,1.0,1.0,1.0,1.0,1.0,1.0,1.0,1.0,1.0,1.0,0.98,1.0,1.0,1.0,1.0,0.48,1.0,1.0,1.0,1.0,1.0,1.0,0.48,1.0,1.0,1.0,0.0,1.0,1.0,1.0,1.0,1.0,1.0,1.0,1.0,1.0,1.0,1.0,1.0,1.0,1.0,1.0,1.0,1.0,0.96,1.0,1.0,1.0,0.92,1.0,0.62,1.0,1.0,1.0,1.0,0.55,1.0,1.0,1.0,0.98,0.98,1.0,1.0,1.0,1.0,0.48,1.0,1.0,1.0,1.0,1.0,0.92,1.0,1.0,1.0,1.0,1.0,1.0,1.0,1.0,1.0,1.0,1.0,1.0,1.0,0.64,1.0,1.0,0.48,1.0,1.0,1.0,1.0,1.0,0.98,1.0,1.0,1.0,1.0,1.0,1.0,0.56,1.0,1.0,1.0,1.0,1.0,1.0,1.0,1.0,1.0,0.9,1.0,1.0,1.0,1.0,1.0,1.0,1.0,1.0,1.0,1.0,1.0,1.0,1.0,1.0,1.0,1.0,1.0,1.0,1.0,1.0,1.0,1.0,1.0,1.0,1.0,1.0,1.0,0.9,1.0,0.5,1.0,1.0,1.0,1.0,1.0,1.0,1.0,1.0,1.0,1.0,1.0,1.0,1.0,1.0,0.98,1.0,0.4,1.0,1.0,1.0,1.0,1.0,1.0,0.54,1.0,1.0,1.0,0.64,1.0,1.0,1.0,0.66,1.0,1.0,1.0,0.9,1.0,1.0,1.0,1.0,1.0,1.0,1.0,1.0,1.0,1.0,0.96,1.0,1.0,1.0,1.0,1.0,0.58,0.58,1.0,1.0,1.0,1.0,1.0,1.0,1.0,1.0,0.4,1.0,1.0,1.0,1.0,1.0,1.0,1.0,1.0,1.0,0.45,1.0,1.0,1.0,1.0,1.0,1.0,0.48,1.0,1.0,1.0,1.0,0.98,1.0,0.6,1.0,1.0,1.0,1.0,1.0,1.0,1.0,1.0,1.0,0.66,0.52,1.0,1.0,1.0,1.0,1.0,1.0,1.0,1.0,1.0,1.0,1.0,1.0,0.96,1.0,0.48,1.0,1.0,0.55,1.0,1.0,1.0,1.0,1.0,1.0,1.0
0.02,1.0,1.0,1.0,1.0,1.0,1.0,1.0,1.0,1.0,0.98,1.0,1.0,1.0,0.96,1.0,1.0,1.0,1.0,1.0,1.0,1.0,1.0,1.0,1.0,1.0,1.0,1.0,1.0,0.98,1.0,0.76,0.66,0.96,1.0,1.0,0.92,1.0,1.0,1.0,1.0,1.0,1.0,1.0,1.0,1.0,1.0,1.0,1.0,1.0,1.0,0.6,1.0,1.0,1.0,1.0,1.0,0.98,1.0,1.0,1.0,1.0,1.0,1.0,0.86,0.96,1.0,0.7133333333333334,0.56,1.0,1.0,0.98,1.0,1.0,1.0,1.0,1.0,1.0,1.0,1.0,0.98,1.0,1.0,0.64,1.0,1.0,1.0,1.0,0.98,1.0,0.98,1.0,1.0,1.0,1.0,1.0,1.0,1.0,0.98,1.0,1.0,1.0,1.0,1.0,1.0,1.0,1.0,1.0,1.0,1.0,0.96,0.1366666666666667,1.0,1.0,1.0,1.0,1.0,0.5,0.36,1.0,1.0,0.94,0.98,1.0,1.0,1.0,0.62,1.0,1.0,1.0,1.0,1.0,1.0,1.0,1.0,1.0,0.96,0.98,1.0,0.28,0.08,1.0,0.98,1.0,1.0,1.0,1.0,0.22,1.0,0.82,1.0,0.6933333333333335,1.0,1.0,0.94,0.72,1.0,0.6933333333333335,1.0,1.0,1.0,1.0,1.0,1.0,1.0,1.0,1.0,0.98,0.4713333333333333,1.0,1.0,1.0,0.98,1.0,1.0,1.0,1.0,0.52,1.0,0.48,1.0,1.0,1.0,1.0,0.98,1.0,1.0,1.0,1.0,1.0,1.0,1.0,1.0,1.0,0.98,1.0,1.0,1.0,1.0,1.0,1.0,1.0,1.0,0.92,1.0,1.0,1.0,0.98,0.8,1.0,1.0,1.0,1.0,1.0,1.0,1.0,1.0,1.0,1.0,1.0,1.0,1.0,1.0,1.0,1.0,1.0,1.0,1.0,1.0,1.0,1.0,1.0,1.0,1.0,1.0,1.0,1.0,1.0,1.0,1.0,1.0,1.0,1.0,1.0,1.0,1.0,0.9780952380952381,1.0,1.0,1.0,1.0,0.64,1.0,1.0,1.0,1.0,0.52,1.0,1.0,1.0,1.0,0.96,0.66,1.0,0.98,1.0,1.0,1.0,1.0,1.0,1.0,1.0,1.0,0.8633333333333334,0.56,1.0,1.0,0.98,1.0,1.0,0.48,0.98,1.0,0.96,0.98,1.0,1.0,0.98,0.4266666666666667,1.0,1.0,0.3866666666666667,1.0,1.0,1.0,1.0,1.0,0.98,1.0,1.0,1.0,0.04,1.0,1.0,1.0,1.0,1.0,1.0,1.0,0.98,0.48,1.0,1.0,1.0,1.0,1.0,1.0,1.0,0.98,0.98,1.0,0.98,1.0,1.0,0.96,1.0,1.0,0.82,1.0,0.98,1.0,1.0,1.0,1.0,0.98,1.0,1.0,1.0,1.0,1.0,1.0,1.0,1.0,1.0,1.0,1.0,0.96,1.0,1.0,1.0,1.0,1.0,1.0,0.98,1.0,1.0,0.98,1.0,1.0,1.0,0.62,0.62,1.0,1.0,1.0,1.0,1.0,0.7533333333333334,0.56,0.74,1.0,1.0,1.0,1.0,1.0,0.98,1.0,1.0,1.0,0.96,1.0,1.0,1.0,1.0,1.0,0.98,1.0,0.98,1.0,1.0,1.0,1.0,1.0,0.7133333333333334,1.0,1.0,1.0,1.0,1.0,1.0,0.64,1.0,1.0,1.0,0.16490476190476192,1.0,1.0,1.0,1.0,1.0,1.0,1.0,1.0,1.0,1.0,0.98,1.0,1.0,1.0,1.0,1.0,1.0,1.0,1.0,1.0,1.0,1.0,0.98,0.68,1.0,1.0,1.0,1.0,0.58,1.0,1.0,0.96,1.0,1.0,1.0,1.0,0.98,1.0,0.76,1.0,1.0,1.0,1.0,1.0,1.0,1.0,0.8350952380952381,0.8350952380952381,1.0,0.94,1.0,1.0,0.98,1.0,1.0,1.0,1.0,1.0,0.7933333333333334,0.98,0.98,0.62,1.0,1.0,1.0,1.0,0.96,1.0,1.0,1.0,0.98,1.0,0.98,0.98,0.44,1.0,1.0,1.0,0.98,1.0,1.0,0.98,0.98,1.0,0.96,1.0,1.0,1.0,1.0,1.0,0.96,1.0,1.0,1.0,1.0,1.0,1.0,1.0,1.0,1.0,1.0,1.0,1.0,1.0,1.0,1.0,1.0,1.0,1.0,1.0,1.0,1.0,1.0,1.0,0.6,1.0,1.0,1.0,1.0,1.0,1.0,1.0,1.0,1.0,1.0,1.0,1.0,1.0,1.0,0.92,1.0,0.8,1.0,1.0,1.0,1.0,1.0,1.0,0.72,1.0,1.0,1.0,0.72,1.0,1.0,1.0,0.66,1.0,1.0,1.0,1.0,1.0,0.98,1.0,0.94,1.0,1.0,0.98,1.0,1.0,0.98,1.0,1.0,1.0,1.0,0.96,1.0,0.68,0.54,0.98,1.0,1.0,1.0,0.98,1.0,1.0,1.0,0.72,1.0,1.0,1.0,1.0,1.0,1.0,1.0,1.0,1.0,0.5286666666666666,1.0,1.0,1.0,1.0,1.0,0.98,0.78,1.0,1.0,1.0,1.0,1.0,1.0,0.52,1.0,1.0,1.0,1.0,1.0,1.0,1.0,1.0,1.0,0.82,0.62,1.0,1.0,1.0,1.0,1.0,1.0,0.98,1.0,1.0,1.0,1.0,1.0,1.0,1.0,0.7,1.0,1.0,0.4,1.0,0.98,1.0,1.0,1.0,1.0,1.0
0.0,0.98,1.0,1.0,1.0,1.0,1.0,1.0,1.0,0.98,1.0,1.0,1.0,1.0,0.98,1.0,1.0,1.0,1.0,1.0,1.0,1.0,0.98,0.98,1.0,1.0,1.0,1.0,1.0,0.99,1.0,0.42,0.4,0.96,1.0,0.99,0.98,0.99,0.98,1.0,1.0,1.0,1.0,1.0,1.0,1.0,0.98,0.99,1.0,0.98,1.0,0.32,0.98,0.98,1.0,1.0,1.0,1.0,1.0,1.0,1.0,1.0,1.0,1.0,1.0,0.98,1.0,0.4,0.48,1.0,1.0,0.99,0.98,1.0,1.0,1.0,0.98,1.0,1.0,1.0,0.98,1.0,1.0,0.48,1.0,1.0,1.0,1.0,1.0,1.0,1.0,1.0,1.0,1.0,1.0,1.0,1.0,1.0,1.0,1.0,1.0,0.98,1.0,0.98,1.0,1.0,0.97,1.0,0.98,1.0,0.98,0.01,1.0,1.0,1.0,1.0,0.99,0.44,0.48,1.0,1.0,0.98,1.0,0.98,0.98,0.98,0.86,1.0,1.0,1.0,0.98,1.0,0.98,1.0,1.0,1.0,0.98,1.0,0.98,0.66,0.0,0.99,1.0,1.0,1.0,1.0,0.99,0.02,0.98,0.34,1.0,0.6,1.0,1.0,0.96,0.72,1.0,0.52,0.99,0.99,0.98,1.0,1.0,1.0,1.0,1.0,1.0,1.0,0.24,0.98,1.0,1.0,0.98,1.0,1.0,1.0,0.99,0.32,1.0,0.24,1.0,1.0,1.0,0.98,0.98,1.0,1.0,1.0,1.0,1.0,1.0,0.98,1.0,1.0,0.98,1.0,0.98,1.0,1.0,1.0,0.98,1.0,1.0,0.98,1.0,1.0,1.0,1.0,0.76,1.0,0.98,0.99,1.0,1.0,1.0,1.0,1.0,1.0,1.0,1.0,1.0,1.0,1.0,1.0,1.0,1.0,0.99,0.98,0.98,1.0,1.0,0.98,1.0,1.0,1.0,1.0,1.0,1.0,0.98,1.0,1.0,1.0,1.0,0.99,1.0,0.98,0.98,1.0,0.98,1.0,1.0,0.53,0.99,0.98,1.0,1.0,0.74,1.0,1.0,1.0,1.0,0.98,0.48,1.0,1.0,0.98,1.0,1.0,0.98,1.0,1.0,1.0,1.0,0.99,0.48,0.99,1.0,0.98,1.0,1.0,0.34,1.0,1.0,0.98,1.0,1.0,0.98,1.0,0.52,1.0,0.99,0.52,1.0,1.0,1.0,1.0,0.98,0.98,0.98,1.0,1.0,0.02,1.0,1.0,1.0,1.0,1.0,1.0,1.0,1.0,0.84,1.0,0.99,1.0,0.98,1.0,1.0,1.0,1.0,1.0,0.98,1.0,0.98,1.0,0.98,1.0,1.0,0.76,1.0,1.0,1.0,1.0,1.0,1.0,1.0,1.0,1.0,1.0,1.0,1.0,1.0,0.98,0.98,1.0,1.0,1.0,1.0,0.99,1.0,1.0,1.0,1.0,1.0,1.0,1.0,1.0,1.0,1.0,1.0,0.98,0.4,0.66,0.99,0.98,1.0,1.0,0.98,0.48,0.28,0.32,1.0,1.0,1.0,0.98,1.0,1.0,1.0,0.98,1.0,0.98,1.0,1.0,0.98,0.98,1.0,1.0,1.0,0.99,1.0,1.0,0.98,1.0,1.0,0.48,0.98,1.0,0.98,1.0,1.0,1.0,0.46,1.0,0.98,0.98,0.02,0.99,1.0,0.98,1.0,0.98,1.0,1.0,1.0,1.0,0.98,1.0,1.0,1.0,1.0,1.0,1.0,1.0,1.0,1.0,1.0,1.0,0.98,1.0,0.38,1.0,1.0,0.98,1.0,0.57,0.98,0.99,1.0,1.0,1.0,1.0,1.0,1.0,0.98,0.24,1.0,1.0,1.0,1.0,1.0,1.0,1.0,0.98,0.98,1.0,1.0,0.99,0.98,0.99,0.98,1.0,0.98,1.0,0.98,0.48,0.98,0.98,0.48,1.0,1.0,1.0,1.0,1.0,1.0,1.0,1.0,1.0,1.0,1.0,0.98,0.52,0.98,0.98,1.0,0.98,1.0,1.0,1.0,1.0,1.0,0.98,1.0,1.0,1.0,0.98,1.0,0.98,1.0,1.0,1.0,1.0,0.98,1.0,1.0,0.98,1.0,0.99,1.0,1.0,0.98,1.0,0.98,1.0,0.98,0.99,1.0,1.0,0.99,1.0,1.0,0.48,1.0,1.0,1.0,1.0,0.98,1.0,1.0,1.0,1.0,0.98,0.98,1.0,1.0,0.98,1.0,1.0,0.6,1.0,0.98,1.0,0.98,1.0,1.0,0.34,0.99,0.98,1.0,0.52,0.98,0.98,1.0,0.76,1.0,1.0,0.98,1.0,0.98,1.0,1.0,1.0,0.99,0.98,1.0,1.0,1.0,1.0,0.98,0.98,0.98,1.0,0.98,0.98,0.34,0.72,0.98,1.0,0.98,0.98,1.0,1.0,1.0,1.0,0.48,0.98,1.0,1.0,1.0,1.0,1.0,1.0,0.98,1.0,0.76,0.98,1.0,1.0,1.0,1.0,0.98,0.53,1.0,1.0,0.99,1.0,1.0,1.0,0.52,1.0,0.98,0.98,1.0,1.0,0.99,1.0,1.0,1.0,0.72,0.66,1.0,1.0,0.98,1.0,1.0,1.0,0.99,1.0,1.0,1.0,1.0,0.99,1.0,0.98,0.24,0.98,0.99,0.24,1.0,0.98,1.0,1.0,0.98,1.0,1.0
0.0,1.0,1.0,1.0,1.0,1.0,1.0,1.0,1.0,1.0,1.0,1.0,1.0,1.0,1.0,1.0,1.0,1.0,1.0,1.0,1.0,1.0,1.0,1.0,1.0,1.0,1.0,1.0,1.0,1.0,1.0,0.02,0.0,0.98,1.0,1.0,1.0,1.0,1.0,1.0,1.0,1.0,1.0,1.0,1.0,1.0,1.0,1.0,1.0,1.0,1.0,0.06,1.0,1.0,1.0,1.0,1.0,1.0,1.0,1.0,1.0,1.0,1.0,1.0,1.0,1.0,1.0,0.24,0.0,1.0,1.0,1.0,1.0,1.0,1.0,1.0,1.0,1.0,1.0,1.0,1.0,1.0,1.0,0.0,1.0,1.0,1.0,1.0,1.0,1.0,1.0,1.0,1.0,1.0,1.0,1.0,1.0,1.0,1.0,1.0,1.0,1.0,1.0,1.0,1.0,1.0,1.0,1.0,1.0,1.0,1.0,0.0,1.0,0.98,1.0,1.0,1.0,0.02,0.0,1.0,1.0,1.0,1.0,1.0,1.0,1.0,1.0,1.0,1.0,1.0,1.0,1.0,1.0,1.0,1.0,1.0,1.0,1.0,1.0,1.0,0.28,1.0,1.0,1.0,1.0,1.0,1.0,0.0,1.0,0.0,1.0,0.0,1.0,1.0,0.96,1.0,1.0,0.02,1.0,1.0,1.0,1.0,1.0,1.0,1.0,1.0,1.0,1.0,0.0,1.0,1.0,1.0,1.0,1.0,1.0,1.0,1.0,0.0,1.0,0.0,1.0,1.0,1.0,1.0,1.0,1.0,1.0,1.0,1.0,1.0,1.0,1.0,1.0,1.0,0.98,1.0,1.0,1.0,1.0,1.0,1.0,1.0,1.0,1.0,1.0,1.0,1.0,0.98,1.0,1.0,1.0,1.0,1.0,1.0,1.0,1.0,1.0,1.0,1.0,1.0,1.0,1.0,1.0,1.0,1.0,1.0,1.0,1.0,1.0,1.0,1.0,1.0,1.0,1.0,1.0,1.0,1.0,1.0,1.0,1.0,1.0,1.0,1.0,1.0,1.0,1.0,1.0,1.0,1.0,1.0,1.0,0.0,1.0,1.0,1.0,1.0,1.0,1.0,1.0,1.0,1.0,1.0,0.0,1.0,1.0,1.0,1.0,1.0,1.0,1.0,1.0,1.0,1.0,1.0,0.0,1.0,1.0,1.0,1.0,1.0,0.0,1.0,1.0,1.0,1.0,1.0,1.0,1.0,1.0,1.0,1.0,1.0,1.0,1.0,1.0,1.0,1.0,1.0,1.0,1.0,1.0,0.14,1.0,1.0,1.0,1.0,1.0,1.0,1.0,1.0,1.0,1.0,1.0,1.0,1.0,1.0,1.0,1.0,1.0,1.0,1.0,1.0,1.0,1.0,1.0,1.0,1.0,1.0,1.0,1.0,1.0,1.0,1.0,1.0,1.0,1.0,1.0,1.0,1.0,1.0,1.0,1.0,1.0,1.0,0.86,1.0,1.0,0.98,1.0,1.0,1.0,1.0,1.0,1.0,1.0,1.0,1.0,1.0,1.0,1.0,0.0,1.0,1.0,1.0,1.0,1.0,1.0,0.0,0.0,0.0,1.0,1.0,1.0,1.0,1.0,1.0,1.0,1.0,1.0,1.0,1.0,1.0,1.0,1.0,1.0,1.0,1.0,1.0,1.0,1.0,1.0,1.0,1.0,0.0,1.0,1.0,1.0,1.0,1.0,1.0,0.02,1.0,1.0,1.0,0.0,1.0,1.0,1.0,1.0,1.0,1.0,0.92,1.0,1.0,1.0,1.0,1.0,1.0,1.0,1.0,1.0,1.0,1.0,1.0,1.0,1.0,1.0,1.0,0.0,1.0,1.0,1.0,1.0,0.0,1.0,1.0,1.0,1.0,1.0,1.0,1.0,1.0,1.0,0.0,1.0,1.0,1.0,1.0,1.0,1.0,1.0,1.0,1.0,1.0,1.0,1.0,1.0,1.0,1.0,1.0,1.0,1.0,1.0,0.0,1.0,1.0,0.0,1.0,1.0,1.0,1.0,1.0,0.98,1.0,1.0,1.0,1.0,1.0,1.0,1.0,1.0,1.0,1.0,1.0,1.0,1.0,1.0,0.92,1.0,0.98,1.0,1.0,1.0,1.0,1.0,1.0,1.0,1.0,1.0,1.0,1.0,1.0,1.0,1.0,1.0,1.0,1.0,1.0,1.0,1.0,1.0,1.0,1.0,1.0,1.0,1.0,1.0,1.0,1.0,0.0,1.0,1.0,1.0,1.0,1.0,1.0,1.0,1.0,1.0,1.0,1.0,1.0,1.0,1.0,1.0,1.0,0.02,1.0,1.0,1.0,1.0,1.0,1.0,0.0,1.0,1.0,1.0,1.0,1.0,1.0,1.0,1.0,1.0,1.0,1.0,1.0,1.0,0.98,1.0,1.0,1.0,1.0,1.0,1.0,1.0,1.0,1.0,1.0,1.0,1.0,1.0,1.0,0.0,1.0,0.98,1.0,1.0,1.0,1.0,1.0,1.0,1.0,0.0,1.0,1.0,1.0,1.0,1.0,1.0,1.0,1.0,1.0,1.0,1.0,1.0,1.0,1.0,1.0,1.0,0.0,1.0,1.0,0.98,1.0,1.0,1.0,1.0,1.0,1.0,1.0,1.0,1.0,1.0,1.0,1.0,1.0,1.0,1.0,1.0,1.0,1.0,1.0,0.9,1.0,1.0,1.0,1.0,1.0,0.98,1.0,1.0,1.0,0.0,1.0,1.0,0.0,1.0,1.0,1.0,1.0,1.0,1.0,1.0
0.32,1.0,1.0,1.0,1.0,1.0,1.0,1.0,1.0,1.0,0.98,1.0,1.0,1.0,1.0,1.0,1.0,1.0,1.0,1.0,1.0,1.0,1.0,1.0,1.0,1.0,1.0,1.0,1.0,1.0,1.0,0.0,0.0,1.0,1.0,1.0,1.0,1.0,1.0,1.0,1.0,1.0,1.0,1.0,0.96,1.0,1.0,1.0,1.0,0.96,1.0,0.0,1.0,1.0,1.0,1.0,1.0,1.0,1.0,1.0,1.0,0.88,1.0,1.0,1.0,1.0,1.0,0.04,0.26,1.0,1.0,0.97,1.0,0.96,1.0,1.0,1.0,1.0,1.0,1.0,1.0,1.0,1.0,0.0,1.0,1.0,1.0,1.0,1.0,1.0,1.0,1.0,1.0,1.0,1.0,1.0,1.0,1.0,1.0,1.0,1.0,1.0,1.0,1.0,1.0,1.0,1.0,1.0,1.0,1.0,1.0,0.17266666666666666,1.0,1.0,1.0,1.0,1.0,0.16,0.14,1.0,1.0,1.0,0.98,1.0,1.0,1.0,1.0,0.94,1.0,1.0,1.0,1.0,1.0,1.0,1.0,1.0,1.0,0.98,1.0,0.78,0.08,1.0,0.98,0.78,1.0,1.0,1.0,0.18,1.0,0.0,1.0,0.12,1.0,1.0,0.8273333333333334,1.0,1.0,0.0,0.88,1.0,1.0,1.0,1.0,1.0,1.0,1.0,0.98,1.0,0.2783333333333334,1.0,1.0,1.0,1.0,1.0,1.0,1.0,1.0,0.02,1.0,0.24,1.0,1.0,1.0,1.0,1.0,1.0,1.0,1.0,1.0,1.0,1.0,1.0,1.0,1.0,0.86,1.0,1.0,1.0,1.0,1.0,1.0,1.0,1.0,1.0,1.0,1.0,1.0,1.0,1.0,1.0,1.0,1.0,1.0,1.0,1.0,1.0,1.0,1.0,1.0,1.0,1.0,1.0,1.0,1.0,1.0,1.0,1.0,1.0,1.0,1.0,1.0,1.0,1.0,1.0,1.0,1.0,1.0,1.0,1.0,1.0,1.0,1.0,1.0,1.0,1.0,1.0,0.9914285714285714,1.0,1.0,1.0,1.0,0.21,0.95,1.0,1.0,1.0,1.0,1.0,1.0,1.0,1.0,1.0,0.02,1.0,1.0,1.0,1.0,1.0,1.0,1.0,1.0,1.0,1.0,0.8273333333333334,0.26,1.0,1.0,1.0,0.88,1.0,0.24,0.98,1.0,1.0,0.98,1.0,1.0,0.98,1.0,1.0,1.0,0.88,1.0,1.0,1.0,1.0,1.0,1.0,1.0,1.0,1.0,0.06,1.0,1.0,1.0,1.0,1.0,1.0,1.0,1.0,0.98,1.0,1.0,1.0,1.0,1.0,1.0,1.0,1.0,0.98,1.0,1.0,1.0,1.0,1.0,1.0,1.0,1.0,1.0,1.0,1.0,1.0,1.0,1.0,0.98,1.0,1.0,1.0,1.0,1.0,1.0,1.0,1.0,1.0,1.0,1.0,0.96,1.0,1.0,1.0,1.0,1.0,1.0,0.98,1.0,1.0,0.98,1.0,1.0,1.0,0.08,0.88,1.0,1.0,1.0,1.0,1.0,0.0,0.18,0.04,1.0,1.0,1.0,1.0,1.0,1.0,1.0,1.0,1.0,1.0,1.0,1.0,1.0,1.0,1.0,0.98,1.0,0.98,0.92,1.0,1.0,1.0,1.0,0.0,1.0,1.0,1.0,1.0,1.0,1.0,0.0,1.0,1.0,1.0,0.12557142857142856,1.0,1.0,1.0,1.0,1.0,1.0,1.0,1.0,1.0,1.0,1.0,1.0,1.0,1.0,1.0,1.0,1.0,0.78,1.0,1.0,1.0,1.0,1.0,0.22,1.0,1.0,1.0,1.0,0.18,1.0,1.0,1.0,0.92,1.0,1.0,1.0,1.0,1.0,0.0,1.0,1.0,1.0,1.0,1.0,1.0,1.0,0.8744285714285716,0.8744285714285716,1.0,0.98,1.0,1.0,1.0,1.0,1.0,1.0,1.0,1.0,0.0,0.98,0.98,0.0,1.0,1.0,1.0,1.0,0.98,1.0,1.0,1.0,0.98,1.0,1.0,0.98,1.0,1.0,1.0,1.0,1.0,1.0,1.0,1.0,1.0,1.0,0.92,1.0,1.0,1.0,1.0,1.0,1.0,1.0,1.0,1.0,1.0,1.0,1.0,1.0,1.0,1.0,1.0,1.0,1.0,1.0,1.0,1.0,1.0,1.0,0.98,1.0,1.0,1.0,0.94,1.0,0.02,1.0,1.0,1.0,1.0,1.0,1.0,1.0,1.0,1.0,1.0,1.0,1.0,1.0,1.0,0.94,1.0,0.02,1.0,1.0,1.0,1.0,1.0,1.0,0.0,1.0,1.0,1.0,0.98,1.0,1.0,1.0,1.0,1.0,1.0,1.0,0.9,1.0,0.98,1.0,0.98,1.0,1.0,1.0,1.0,1.0,0.98,0.865,1.0,1.0,1.0,1.0,1.0,0.22,1.0,1.0,1.0,1.0,1.0,1.0,1.0,1.0,1.0,0.0,1.0,1.0,1.0,1.0,1.0,1.0,1.0,1.0,1.0,0.7216666666666667,1.0,1.0,1.0,1.0,1.0,1.0,0.0,1.0,1.0,1.0,1.0,1.0,1.0,0.92,1.0,1.0,1.0,1.0,1.0,1.0,1.0,1.0,1.0,1.0,1.0,1.0,1.0,1.0,1.0,1.0,1.0,1.0,1.0,1.0,1.0,1.0,1.0,0.88,1.0,0.0,1.0,0.98,0.2,1.0,1.0,1.0,1.0,1.0,1.0,1.0
0.04,1.0,1.0,1.0,1.0,1.0,1.0,1.0,1.0,1.0,1.0,1.0,1.0,1.0,1.0,1.0,1.0,1.0,1.0,1.0,1.0,1.0,1.0,1.0,1.0,1.0,1.0,1.0,1.0,1.0,1.0,0.22,0.0,0.96,1.0,1.0,1.0,1.0,1.0,1.0,1.0,1.0,1.0,1.0,0.94,1.0,1.0,1.0,1.0,1.0,1.0,0.28,1.0,1.0,1.0,1.0,1.0,1.0,1.0,1.0,1.0,0.96,1.0,1.0,0.8,1.0,1.0,0.1,0.04,1.0,1.0,1.0,1.0,1.0,1.0,1.0,1.0,1.0,1.0,1.0,1.0,1.0,1.0,0.02,1.0,1.0,1.0,1.0,1.0,1.0,1.0,1.0,1.0,1.0,1.0,1.0,1.0,1.0,1.0,1.0,1.0,1.0,1.0,1.0,1.0,1.0,0.98,1.0,1.0,1.0,1.0,0.0,1.0,1.0,1.0,1.0,1.0,0.14,0.04,1.0,1.0,1.0,1.0,1.0,1.0,1.0,1.0,1.0,1.0,1.0,1.0,1.0,1.0,1.0,1.0,1.0,1.0,1.0,1.0,0.96,0.28,1.0,1.0,0.98,1.0,1.0,1.0,0.0,1.0,0.18,1.0,0.02,1.0,1.0,1.0,1.0,1.0,0.0,0.96,1.0,1.0,1.0,1.0,1.0,1.0,1.0,1.0,1.0,0.04,1.0,1.0,1.0,0.98,1.0,1.0,1.0,1.0,0.26,1.0,0.04,1.0,1.0,1.0,1.0,1.0,1.0,1.0,1.0,1.0,1.0,1.0,1.0,1.0,1.0,0.98,1.0,1.0,1.0,1.0,1.0,1.0,1.0,1.0,1.0,1.0,1.0,1.0,1.0,1.0,1.0,1.0,1.0,1.0,1.0,1.0,1.0,1.0,1.0,1.0,1.0,1.0,1.0,1.0,1.0,1.0,1.0,1.0,1.0,1.0,1.0,1.0,1.0,1.0,1.0,1.0,1.0,1.0,1.0,1.0,1.0,1.0,1.0,1.0,1.0,1.0,1.0,1.0,1.0,1.0,1.0,1.0,0.04,1.0,1.0,1.0,1.0,0.78,1.0,1.0,1.0,1.0,1.0,0.18,1.0,1.0,1.0,1.0,1.0,1.0,1.0,1.0,1.0,1.0,1.0,0.04,1.0,1.0,1.0,0.96,1.0,0.16,1.0,1.0,1.0,1.0,1.0,1.0,1.0,0.82,1.0,1.0,0.96,1.0,1.0,1.0,1.0,1.0,1.0,1.0,1.0,1.0,0.28,1.0,1.0,1.0,1.0,1.0,1.0,1.0,1.0,1.0,1.0,1.0,1.0,1.0,1.0,1.0,1.0,1.0,1.0,1.0,1.0,1.0,1.0,1.0,1.0,1.0,0.82,1.0,1.0,1.0,1.0,1.0,1.0,1.0,1.0,1.0,1.0,1.0,1.0,1.0,1.0,1.0,1.0,0.72,1.0,1.0,1.0,1.0,1.0,1.0,1.0,1.0,1.0,1.0,1.0,1.0,1.0,1.0,1.0,0.0,0.84,1.0,1.0,1.0,1.0,1.0,0.18,0.0,0.18,1.0,1.0,1.0,1.0,1.0,1.0,1.0,1.0,1.0,0.98,1.0,1.0,1.0,1.0,1.0,1.0,1.0,1.0,0.92,1.0,1.0,1.0,1.0,0.0,1.0,1.0,1.0,1.0,1.0,1.0,0.3,1.0,1.0,1.0,0.0,1.0,1.0,1.0,1.0,1.0,1.0,0.9,1.0,1.0,1.0,1.0,1.0,1.0,1.0,1.0,1.0,1.0,0.96,1.0,1.0,1.0,1.0,1.0,0.18,1.0,1.0,1.0,1.0,0.04,1.0,1.0,1.0,0.92,1.0,1.0,1.0,1.0,1.0,0.18,1.0,1.0,1.0,1.0,1.0,1.0,1.0,1.0,1.0,1.0,1.0,1.0,1.0,1.0,1.0,1.0,1.0,1.0,1.0,0.18,1.0,1.0,0.18,1.0,1.0,1.0,1.0,1.0,1.0,1.0,1.0,1.0,1.0,1.0,1.0,1.0,1.0,1.0,1.0,1.0,1.0,1.0,1.0,0.9,1.0,0.98,1.0,1.0,1.0,1.0,1.0,1.0,1.0,1.0,1.0,1.0,1.0,1.0,1.0,1.0,1.0,1.0,1.0,1.0,1.0,1.0,1.0,1.0,1.0,1.0,1.0,1.0,1.0,1.0,1.0,0.0,1.0,1.0,1.0,1.0,1.0,1.0,1.0,1.0,1.0,1.0,1.0,1.0,1.0,1.0,1.0,1.0,0.02,1.0,1.0,1.0,1.0,1.0,1.0,0.22,1.0,1.0,1.0,1.0,1.0,1.0,1.0,0.82,1.0,1.0,1.0,0.96,1.0,1.0,1.0,1.0,1.0,1.0,1.0,1.0,1.0,1.0,0.96,1.0,1.0,1.0,1.0,1.0,0.16,1.0,0.98,1.0,1.0,1.0,1.0,1.0,1.0,1.0,0.0,1.0,1.0,1.0,1.0,1.0,1.0,1.0,1.0,1.0,0.96,1.0,1.0,1.0,1.0,1.0,1.0,0.0,1.0,1.0,1.0,1.0,1.0,1.0,0.84,1.0,1.0,1.0,1.0,1.0,1.0,1.0,1.0,1.0,0.82,0.82,1.0,1.0,1.0,1.0,0.9,1.0,1.0,1.0,1.0,1.0,1.0,1.0,0.96,1.0,0.18,1.0,1.0,0.04,1.0,1.0,1.0,1.0,1.0,1.0,1.0
0.14,1.0,1.0,1.0,1.0,1.0,1.0,1.0,1.0,1.0,1.0,1.0,1.0,1.0,0.92,1.0,1.0,1.0,1.0,1.0,0.98,1.0,1.0,1.0,1.0,1.0,1.0,1.0,1.0,0.98,1.0,0.46,0.34,1.0,1.0,1.0,0.88,0.9666666666666667,1.0,1.0,1.0,1.0,1.0,1.0,0.96,1.0,1.0,1.0,1.0,0.92,1.0,0.46,1.0,1.0,1.0,1.0,1.0,1.0,1.0,1.0,1.0,0.98,1.0,1.0,1.0,0.92,1.0,0.64,0.76,1.0,1.0,0.8883333333333334,0.92,0.98,1.0,1.0,0.96,1.0,1.0,1.0,0.92,1.0,1.0,0.44,1.0,1.0,1.0,1.0,1.0,1.0,1.0,1.0,1.0,1.0,1.0,1.0,1.0,1.0,1.0,1.0,1.0,0.96,1.0,1.0,0.98,1.0,0.9466666666666668,1.0,1.0,1.0,0.88,0.165,1.0,0.98,1.0,1.0,0.98,0.71,0.59,1.0,1.0,0.96,1.0,1.0,1.0,0.96,0.64,0.94,1.0,1.0,0.96,1.0,0.92,1.0,1.0,1.0,0.94,1.0,1.0,0.5,0.42,1.0,0.98,0.94,1.0,1.0,0.9416666666666668,0.24,0.96,0.34,1.0,0.42,1.0,1.0,0.9366666666666668,0.7,1.0,0.54,0.86,1.0,1.0,1.0,1.0,1.0,1.0,1.0,1.0,1.0,0.71,1.0,1.0,1.0,1.0,1.0,1.0,1.0,1.0,0.26,1.0,0.71,1.0,1.0,1.0,1.0,0.96,1.0,1.0,1.0,1.0,1.0,1.0,1.0,1.0,1.0,0.86,1.0,0.96,1.0,1.0,1.0,1.0,1.0,1.0,0.88,1.0,1.0,1.0,1.0,0.9,1.0,1.0,0.98,1.0,1.0,1.0,1.0,1.0,1.0,1.0,1.0,1.0,1.0,1.0,1.0,1.0,0.98,0.98,0.94,1.0,1.0,1.0,1.0,1.0,1.0,1.0,1.0,1.0,1.0,1.0,1.0,1.0,1.0,1.0,0.98,1.0,1.0,0.96,1.0,1.0,1.0,1.0,0.76,0.9633333333333334,0.96,1.0,1.0,0.84,1.0,1.0,1.0,1.0,1.0,0.44,1.0,1.0,1.0,1.0,1.0,0.96,1.0,1.0,1.0,1.0,0.8350000000000002,0.76,0.97,1.0,0.92,0.98,1.0,0.63,1.0,1.0,1.0,1.0,1.0,1.0,1.0,0.54,1.0,1.0,0.58,1.0,1.0,1.0,1.0,1.0,0.92,0.96,1.0,1.0,0.36,1.0,1.0,1.0,1.0,1.0,1.0,1.0,1.0,0.78,1.0,0.98,1.0,1.0,1.0,1.0,1.0,1.0,1.0,0.96,1.0,0.96,1.0,0.92,1.0,1.0,0.82,1.0,1.0,1.0,1.0,1.0,0.98,0.98,1.0,1.0,1.0,1.0,1.0,1.0,0.96,1.0,1.0,0.86,1.0,0.96,1.0,1.0,1.0,1.0,1.0,1.0,1.0,1.0,1.0,1.0,1.0,1.0,0.92,0.44,0.41,0.98,0.96,1.0,1.0,1.0,0.38,0.63,0.38,1.0,1.0,1.0,1.0,1.0,1.0,1.0,0.96,1.0,1.0,1.0,1.0,1.0,1.0,1.0,1.0,1.0,0.98,0.96,1.0,1.0,1.0,1.0,0.5,0.96,1.0,0.96,1.0,1.0,1.0,0.22,1.0,1.0,1.0,0.04,1.0,1.0,1.0,1.0,1.0,1.0,0.94,1.0,1.0,1.0,1.0,1.0,1.0,1.0,1.0,1.0,1.0,0.94,1.0,1.0,1.0,1.0,0.98,0.56,1.0,1.0,1.0,1.0,0.73,0.96,0.98,1.0,0.96,1.0,1.0,1.0,1.0,1.0,0.28,1.0,1.0,1.0,1.0,1.0,1.0,1.0,0.96,0.96,1.0,1.0,0.98,0.96,0.98,1.0,1.0,0.96,1.0,1.0,0.56,0.88,0.88,0.38,1.0,1.0,1.0,1.0,1.0,0.96,1.0,1.0,1.0,1.0,1.0,1.0,0.64,0.96,0.96,1.0,0.92,1.0,1.0,1.0,0.92,1.0,0.94,1.0,1.0,1.0,0.92,1.0,0.88,1.0,1.0,1.0,1.0,1.0,1.0,1.0,0.96,1.0,0.9633333333333334,1.0,1.0,0.96,1.0,1.0,1.0,1.0,0.98,1.0,1.0,1.0,0.9,1.0,0.6,1.0,1.0,1.0,1.0,1.0,1.0,1.0,1.0,1.0,1.0,0.96,1.0,1.0,1.0,0.98,1.0,0.4,1.0,0.96,1.0,0.92,1.0,1.0,0.26,0.9566666666666667,1.0,1.0,0.62,0.96,0.96,1.0,0.82,1.0,1.0,1.0,0.94,1.0,1.0,1.0,1.0,0.98,0.92,1.0,1.0,1.0,1.0,0.92,1.0,1.0,1.0,0.96,0.92,0.59,0.74,1.0,1.0,0.96,1.0,1.0,1.0,1.0,1.0,0.52,1.0,1.0,1.0,1.0,1.0,1.0,1.0,0.96,1.0,0.29,1.0,1.0,1.0,1.0,1.0,0.92,0.6,1.0,1.0,1.0,1.0,1.0,1.0,0.63,1.0,0.92,0.96,1.0,1.0,0.9566666666666667,1.0,1.0,1.0,0.76,0.72,1.0,1.0,0.96,1.0,0.9,1.0,0.98,1.0,1.0,1.0,0.9666666666666667,0.98,0.98,1.0,0.28,1.0,0.9566666666666667,0.71,1.0,1.0,1.0,1.0,0.96,1.0,1.0
0.0,1.0,1.0,1.0,1.0,1.0,1.0,1.0,1.0,1.0,1.0,1.0,1.0,1.0,1.0,1.0,1.0,1.0,1.0,1.0,1.0,1.0,1.0,1.0,1.0,1.0,1.0,1.0,1.0,1.0,1.0,0.3,0.02,1.0,1.0,1.0,1.0,1.0,1.0,1.0,1.0,1.0,1.0,1.0,1.0,1.0,1.0,1.0,1.0,1.0,1.0,0.34,1.0,1.0,1.0,1.0,1.0,1.0,1.0,1.0,1.0,1.0,1.0,1.0,0.86,1.0,1.0,0.02,0.0,1.0,1.0,1.0,1.0,1.0,1.0,1.0,1.0,1.0,1.0,1.0,1.0,1.0,1.0,0.0,1.0,1.0,1.0,1.0,1.0,1.0,1.0,1.0,1.0,1.0,1.0,1.0,1.0,1.0,1.0,1.0,1.0,1.0,1.0,1.0,1.0,1.0,1.0,1.0,1.0,1.0,1.0,0.0,1.0,1.0,1.0,1.0,1.0,0.08,0.02,1.0,1.0,0.98,1.0,1.0,1.0,1.0,1.0,1.0,1.0,1.0,1.0,1.0,1.0,1.0,1.0,1.0,1.0,1.0,1.0,1.0,0.0,1.0,1.0,1.0,1.0,1.0,1.0,0.18,1.0,0.26,1.0,0.0,1.0,1.0,1.0,1.0,1.0,0.0,1.0,1.0,1.0,1.0,1.0,1.0,1.0,1.0,0.98,1.0,0.0,1.0,1.0,1.0,1.0,1.0,1.0,1.0,1.0,0.32,1.0,0.0,1.0,1.0,1.0,1.0,1.0,1.0,1.0,1.0,1.0,1.0,1.0,1.0,1.0,1.0,1.0,1.0,1.0,1.0,1.0,1.0,1.0,1.0,1.0,1.0,1.0,1.0,1.0,1.0,1.0,1.0,1.0,1.0,1.0,1.0,1.0,1.0,1.0,1.0,1.0,1.0,1.0,1.0,1.0,1.0,0.98,1.0,1.0,1.0,1.0,1.0,1.0,1.0,1.0,1.0,1.0,1.0,1.0,1.0,1.0,1.0,1.0,1.0,1.0,1.0,1.0,1.0,1.0,1.0,1.0,1.0,1.0,0.0,1.0,1.0,1.0,1.0,0.86,1.0,1.0,1.0,1.0,1.0,0.28,1.0,0.98,1.0,1.0,1.0,1.0,1.0,1.0,1.0,1.0,1.0,0.0,1.0,1.0,1.0,1.0,1.0,0.08,1.0,1.0,1.0,0.98,1.0,1.0,1.0,0.74,1.0,1.0,1.0,1.0,1.0,1.0,1.0,1.0,1.0,1.0,1.0,1.0,0.0,1.0,1.0,1.0,1.0,1.0,1.0,1.0,1.0,1.0,1.0,1.0,1.0,1.0,1.0,1.0,1.0,1.0,0.98,1.0,1.0,1.0,1.0,1.0,1.0,1.0,0.74,1.0,1.0,1.0,1.0,1.0,1.0,1.0,1.0,1.0,1.0,1.0,1.0,1.0,1.0,1.0,1.0,1.0,1.0,1.0,1.0,1.0,1.0,1.0,1.0,1.0,0.98,1.0,1.0,1.0,1.0,1.0,1.0,0.02,0.8,1.0,1.0,1.0,1.0,1.0,0.26,0.0,0.3,1.0,1.0,1.0,1.0,1.0,1.0,1.0,1.0,1.0,1.0,1.0,1.0,1.0,1.0,1.0,1.0,1.0,0.98,1.0,1.0,1.0,1.0,1.0,0.0,1.0,1.0,1.0,1.0,1.0,1.0,0.34,1.0,1.0,1.0,0.0,1.0,1.0,1.0,1.0,1.0,1.0,1.0,1.0,1.0,1.0,1.0,1.0,1.0,1.0,1.0,1.0,1.0,1.0,1.0,1.0,1.0,1.0,1.0,0.26,1.0,1.0,1.0,1.0,0.0,1.0,1.0,1.0,1.0,1.0,1.0,1.0,1.0,1.0,0.12,1.0,1.0,1.0,1.0,1.0,1.0,1.0,1.0,1.0,1.0,0.98,1.0,1.0,0.98,1.0,1.0,1.0,1.0,1.0,0.26,1.0,1.0,0.08,1.0,1.0,1.0,1.0,0.96,1.0,1.0,1.0,1.0,1.0,1.0,1.0,1.0,1.0,1.0,1.0,1.0,1.0,1.0,1.0,1.0,1.0,1.0,1.0,1.0,1.0,1.0,1.0,1.0,1.0,1.0,1.0,1.0,1.0,1.0,1.0,1.0,1.0,1.0,1.0,1.0,1.0,0.98,1.0,1.0,1.0,1.0,1.0,1.0,1.0,1.0,1.0,0.0,1.0,1.0,1.0,1.0,1.0,1.0,1.0,1.0,1.0,1.0,1.0,1.0,1.0,1.0,1.0,1.0,0.02,1.0,1.0,1.0,1.0,1.0,1.0,0.28,1.0,1.0,1.0,0.98,1.0,1.0,1.0,0.88,1.0,1.0,1.0,1.0,1.0,1.0,1.0,0.98,1.0,1.0,1.0,1.0,1.0,1.0,1.0,1.0,1.0,1.0,1.0,1.0,0.16,1.0,1.0,1.0,1.0,1.0,1.0,1.0,1.0,1.0,0.0,1.0,1.0,1.0,1.0,1.0,1.0,1.0,1.0,1.0,1.0,1.0,1.0,1.0,1.0,1.0,1.0,0.0,1.0,1.0,1.0,1.0,1.0,1.0,0.92,1.0,1.0,1.0,1.0,1.0,1.0,1.0,0.98,1.0,0.88,0.92,1.0,1.0,1.0,1.0,1.0,1.0,1.0,1.0,1.0,1.0,1.0,1.0,1.0,1.0,0.18,1.0,1.0,0.0,1.0,1.0,1.0,1.0,1.0,1.0,1.0
0.32,0.98,0.98,0.98,1.0,1.0,0.98,1.0,0.98,0.98,1.0,0.98,1.0,1.0,0.96,1.0,1.0,1.0,1.0,1.0,0.98,1.0,1.0,0.92,0.98,1.0,0.98,1.0,0.98,0.96,1.0,0.72,0.52,0.98,1.0,0.98,0.96,0.98,0.98,1.0,0.98,0.98,1.0,0.98,0.96,1.0,0.98,0.98,0.98,0.92,0.98,0.66,0.98,0.98,1.0,1.0,1.0,0.96,1.0,1.0,1.0,0.84,1.0,0.98,0.82,0.98,0.98,0.7,0.6216666666666667,1.0,0.98,0.98,1.0,0.98,1.0,1.0,1.0,1.0,0.98,0.98,1.0,1.0,1.0,0.5,1.0,0.98,0.98,1.0,1.0,1.0,0.96,1.0,1.0,1.0,1.0,1.0,0.98,1.0,0.96,0.98,0.98,0.98,1.0,0.94,0.98,1.0,1.0,1.0,1.0,1.0,1.0,0.0,1.0,0.98,0.98,1.0,1.0,0.9,0.56,1.0,1.0,0.96,1.0,0.98,0.98,1.0,0.62,0.94,0.98,0.98,1.0,0.98,1.0,1.0,0.98,1.0,0.96,0.98,1.0,0.37833333333333335,0.36,0.98,1.0,0.86,1.0,1.0,1.0,0.12,1.0,0.72,0.98,0.77,0.98,1.0,0.92,0.76,1.0,0.64,0.8,0.98,1.0,1.0,1.0,0.98,1.0,0.98,0.98,0.96,0.6466666666666667,0.98,1.0,1.0,0.96,1.0,1.0,1.0,0.98,0.78,1.0,0.7,1.0,1.0,1.0,1.0,0.98,1.0,1.0,1.0,1.0,1.0,0.98,0.98,0.98,1.0,0.96,1.0,1.0,0.98,1.0,1.0,0.98,1.0,0.98,0.96,1.0,1.0,0.98,0.96,0.62,1.0,0.98,1.0,0.98,0.98,0.98,0.98,1.0,1.0,0.98,1.0,1.0,1.0,1.0,1.0,1.0,1.0,1.0,1.0,0.98,1.0,1.0,1.0,0.98,1.0,0.98,1.0,1.0,1.0,0.98,0.98,1.0,1.0,1.0,1.0,1.0,0.98,1.0,0.98,1.0,1.0,1.0,0.63,1.0,1.0,1.0,1.0,0.58,0.98,1.0,1.0,1.0,0.98,0.64,1.0,0.98,1.0,0.98,0.98,1.0,1.0,1.0,1.0,1.0,1.0,0.6216666666666667,1.0,1.0,1.0,0.84,1.0,0.86,0.98,1.0,0.98,0.98,0.98,0.98,1.0,0.46,1.0,0.98,0.37,0.98,0.98,1.0,1.0,0.98,1.0,1.0,0.98,0.98,0.28,1.0,1.0,1.0,0.98,1.0,0.98,1.0,0.96,0.74,0.98,1.0,0.98,0.98,1.0,0.98,1.0,0.96,1.0,0.98,0.98,1.0,1.0,0.98,1.0,1.0,0.56,1.0,0.96,0.98,0.98,0.98,1.0,1.0,1.0,1.0,1.0,1.0,1.0,0.98,1.0,0.98,0.98,0.86,1.0,0.96,0.98,0.98,0.92,1.0,1.0,1.0,0.98,1.0,1.0,0.98,0.98,0.98,1.0,0.48,0.66,0.98,0.98,0.98,1.0,0.98,0.72,0.72,0.76,1.0,1.0,0.98,0.98,0.98,0.98,1.0,1.0,0.98,0.94,1.0,1.0,1.0,0.98,0.98,1.0,0.98,1.0,0.96,0.98,0.98,0.98,1.0,0.72,0.98,1.0,1.0,0.98,1.0,0.98,0.82,1.0,0.98,0.98,0.04,0.98,1.0,0.98,1.0,1.0,1.0,0.88,1.0,1.0,0.98,0.96,1.0,0.98,1.0,0.98,1.0,0.98,0.84,1.0,1.0,1.0,0.92,0.96,0.88,1.0,1.0,1.0,1.0,0.64,1.0,1.0,0.96,0.84,0.98,1.0,1.0,0.98,0.98,0.58,1.0,1.0,1.0,1.0,1.0,0.92,0.98,0.96,0.96,0.98,0.94,0.96,1.0,0.96,0.98,1.0,1.0,1.0,0.98,0.7,1.0,1.0,0.36,1.0,1.0,0.98,0.98,1.0,0.98,1.0,1.0,0.98,1.0,0.96,1.0,0.38,1.0,0.98,1.0,0.98,1.0,0.98,0.96,0.94,1.0,0.98,0.98,1.0,0.98,1.0,1.0,0.98,1.0,0.98,1.0,1.0,0.98,1.0,1.0,1.0,1.0,0.98,0.98,0.96,1.0,1.0,1.0,0.96,0.98,1.0,0.98,1.0,0.98,0.98,0.98,0.66,1.0,1.0,0.98,1.0,0.98,1.0,1.0,0.98,0.98,0.98,1.0,1.0,1.0,0.98,0.94,1.0,0.74,0.98,1.0,0.98,1.0,0.98,1.0,0.68,1.0,0.98,1.0,0.78,0.98,1.0,1.0,0.5,1.0,0.98,0.98,0.86,0.98,0.98,1.0,0.94,1.0,1.0,0.96,1.0,1.0,0.98,0.84,0.98,0.98,0.98,0.96,0.98,0.84,0.62,0.98,0.98,1.0,0.98,0.96,1.0,0.98,1.0,0.6,0.98,1.0,1.0,1.0,0.98,0.98,0.98,1.0,0.98,0.35333333333333333,0.98,1.0,0.98,1.0,0.98,1.0,0.64,1.0,0.96,0.98,1.0,0.98,1.0,0.6,0.98,1.0,1.0,1.0,1.0,1.0,0.98,1.0,1.0,0.74,0.64,1.0,0.98,1.0,1.0,0.9,1.0,0.96,1.0,0.98,1.0,0.98,1.0,0.84,1.0,0.48,0.98,1.0,0.72,1.0,1.0,1.0,1.0,1.0,0.98,1.0
0.0,1.0,1.0,1.0,1.0,1.0,1.0,1.0,1.0,1.0,1.0,1.0,1.0,1.0,1.0,1.0,1.0,1.0,1.0,1.0,1.0,1.0,1.0,0.92,1.0,1.0,1.0,1.0,1.0,1.0,1.0,0.54,0.48,1.0,1.0,1.0,1.0,1.0,1.0,1.0,1.0,1.0,1.0,1.0,1.0,1.0,1.0,1.0,1.0,1.0,1.0,0.5,1.0,1.0,1.0,1.0,1.0,1.0,1.0,1.0,1.0,1.0,1.0,1.0,1.0,1.0,1.0,0.62,0.44,1.0,1.0,1.0,1.0,1.0,1.0,1.0,1.0,1.0,1.0,1.0,1.0,1.0,1.0,0.52,1.0,1.0,1.0,1.0,1.0,1.0,1.0,1.0,1.0,1.0,1.0,1.0,1.0,1.0,1.0,1.0,1.0,1.0,1.0,1.0,1.0,1.0,1.0,1.0,1.0,1.0,1.0,0.0,1.0,1.0,1.0,1.0,1.0,0.38,0.36,1.0,1.0,1.0,1.0,1.0,1.0,1.0,0.58,1.0,1.0,1.0,1.0,1.0,1.0,1.0,1.0,1.0,1.0,1.0,1.0,0.56,0.36,1.0,1.0,1.0,1.0,1.0,1.0,0.0,1.0,0.44,1.0,0.52,1.0,1.0,1.0,0.64,1.0,0.56,1.0,1.0,1.0,1.0,1.0,1.0,1.0,1.0,1.0,1.0,0.38,1.0,1.0,1.0,1.0,1.0,1.0,1.0,1.0,0.4,1.0,0.4,1.0,1.0,1.0,1.0,1.0,1.0,1.0,1.0,1.0,1.0,1.0,1.0,1.0,1.0,1.0,1.0,1.0,1.0,1.0,1.0,1.0,1.0,1.0,1.0,1.0,1.0,1.0,1.0,0.62,1.0,1.0,1.0,1.0,1.0,1.0,1.0,1.0,1.0,1.0,1.0,1.0,1.0,1.0,1.0,1.0,1.0,1.0,1.0,1.0,1.0,1.0,1.0,1.0,1.0,1.0,1.0,1.0,1.0,1.0,1.0,1.0,1.0,1.0,1.0,1.0,1.0,1.0,1.0,1.0,1.0,1.0,0.52,1.0,1.0,1.0,1.0,0.6,1.0,1.0,1.0,1.0,1.0,0.42,1.0,1.0,1.0,1.0,1.0,1.0,1.0,1.0,1.0,1.0,1.0,0.44,1.0,1.0,1.0,1.0,1.0,0.38,1.0,1.0,1.0,1.0,1.0,1.0,1.0,0.52,1.0,1.0,0.48,1.0,1.0,1.0,1.0,1.0,1.0,1.0,1.0,1.0,0.08,1.0,1.0,1.0,1.0,1.0,1.0,1.0,1.0,0.48,1.0,1.0,1.0,1.0,1.0,1.0,1.0,1.0,1.0,1.0,1.0,1.0,1.0,1.0,1.0,1.0,0.6,1.0,1.0,1.0,1.0,1.0,1.0,1.0,1.0,1.0,1.0,1.0,1.0,1.0,1.0,1.0,1.0,0.92,1.0,0.98,1.0,1.0,0.92,1.0,1.0,1.0,1.0,1.0,1.0,1.0,1.0,1.0,1.0,0.42,0.6,1.0,1.0,1.0,1.0,1.0,0.44,0.42,0.42,1.0,1.0,1.0,1.0,1.0,1.0,1.0,1.0,1.0,1.0,1.0,1.0,1.0,1.0,1.0,1.0,1.0,1.0,1.0,1.0,1.0,1.0,1.0,0.48,1.0,1.0,1.0,1.0,1.0,1.0,0.36,1.0,1.0,1.0,0.0,1.0,1.0,1.0,1.0,1.0,1.0,0.92,1.0,1.0,1.0,1.0,1.0,1.0,1.0,1.0,1.0,1.0,1.0,1.0,1.0,1.0,0.92,1.0,0.48,1.0,1.0,1.0,1.0,0.4,1.0,1.0,1.0,1.0,0.98,1.0,1.0,1.0,1.0,0.36,1.0,1.0,1.0,1.0,1.0,0.92,1.0,1.0,1.0,1.0,1.0,1.0,1.0,1.0,1.0,1.0,1.0,1.0,1.0,0.52,1.0,1.0,0.36,1.0,1.0,1.0,1.0,1.0,1.0,1.0,1.0,1.0,1.0,1.0,1.0,0.56,1.0,1.0,1.0,1.0,1.0,1.0,1.0,0.92,1.0,1.0,1.0,1.0,1.0,1.0,1.0,1.0,1.0,1.0,1.0,1.0,1.0,1.0,1.0,1.0,1.0,1.0,1.0,1.0,1.0,1.0,1.0,1.0,1.0,1.0,1.0,1.0,1.0,1.0,1.0,0.52,1.0,1.0,1.0,1.0,1.0,1.0,1.0,1.0,1.0,1.0,1.0,1.0,1.0,1.0,0.98,1.0,0.42,1.0,1.0,1.0,1.0,1.0,1.0,0.48,1.0,1.0,1.0,0.64,1.0,1.0,1.0,0.6,1.0,1.0,1.0,0.98,1.0,1.0,1.0,1.0,1.0,1.0,1.0,1.0,1.0,1.0,1.0,1.0,1.0,1.0,1.0,1.0,0.4,0.6,1.0,1.0,1.0,1.0,1.0,1.0,1.0,1.0,0.38,1.0,1.0,1.0,1.0,1.0,1.0,1.0,1.0,1.0,0.62,1.0,1.0,1.0,1.0,1.0,1.0,0.48,1.0,1.0,1.0,1.0,0.98,1.0,0.66,1.0,1.0,1.0,1.0,1.0,1.0,1.0,1.0,1.0,0.6,0.64,1.0,1.0,1.0,1.0,0.9,1.0,1.0,1.0,1.0,1.0,1.0,1.0,1.0,1.0,0.36,1.0,1.0,0.38,1.0,1.0,1.0,1.0,1.0,1.0,1.0
0.04,1.0,1.0,1.0,1.0,1.0,1.0,1.0,1.0,1.0,1.0,1.0,1.0,1.0,0.96,1.0,1.0,1.0,1.0,1.0,1.0,1.0,1.0,0.9,1.0,0.98,1.0,1.0,1.0,0.96,1.0,0.38,0.14,1.0,1.0,1.0,0.96,1.0,1.0,1.0,0.98,1.0,1.0,1.0,1.0,1.0,1.0,1.0,1.0,1.0,1.0,0.34,1.0,1.0,1.0,1.0,1.0,0.96,1.0,1.0,1.0,1.0,1.0,1.0,0.84,0.96,1.0,0.02,0.0,1.0,0.98,1.0,1.0,1.0,0.98,1.0,1.0,1.0,1.0,1.0,1.0,1.0,1.0,0.08,1.0,1.0,1.0,1.0,1.0,1.0,0.96,1.0,1.0,1.0,1.0,1.0,1.0,1.0,0.96,1.0,1.0,1.0,1.0,0.98,1.0,1.0,0.96,1.0,1.0,1.0,0.98,0.005,1.0,0.98,1.0,1.0,1.0,0.18,0.02,1.0,0.98,0.92,1.0,1.0,1.0,1.0,1.0,1.0,1.0,1.0,1.0,1.0,1.0,1.0,1.0,0.98,0.96,1.0,1.0,1.0,0.1,1.0,1.0,1.0,1.0,1.0,0.98,0.14,1.0,0.3,1.0,0.0,1.0,1.0,0.96,1.0,1.0,0.02,1.0,1.0,1.0,1.0,1.0,1.0,0.995,1.0,1.0,0.96,0.04,1.0,1.0,1.0,1.0,1.0,1.0,1.0,1.0,0.22,1.0,0.02,0.98,1.0,1.0,1.0,0.96,0.98,1.0,1.0,1.0,0.98,1.0,1.0,1.0,1.0,1.0,1.0,1.0,1.0,1.0,1.0,1.0,1.0,1.0,0.96,1.0,1.0,1.0,1.0,1.0,1.0,1.0,1.0,1.0,1.0,1.0,1.0,1.0,1.0,1.0,1.0,1.0,1.0,1.0,1.0,1.0,1.0,1.0,1.0,1.0,1.0,1.0,1.0,1.0,0.98,1.0,1.0,1.0,1.0,1.0,1.0,1.0,0.98,1.0,1.0,1.0,1.0,0.98,1.0,1.0,1.0,1.0,0.0,1.0,1.0,1.0,1.0,0.82,1.0,1.0,1.0,1.0,1.0,0.26,1.0,0.96,1.0,1.0,1.0,1.0,1.0,1.0,1.0,1.0,0.995,0.0,1.0,1.0,0.98,1.0,1.0,0.18,1.0,1.0,1.0,0.98,1.0,0.98,1.0,0.8,1.0,1.0,1.0,1.0,1.0,1.0,1.0,1.0,1.0,1.0,1.0,1.0,0.0,1.0,1.0,1.0,1.0,0.995,1.0,1.0,0.96,1.0,1.0,1.0,1.0,1.0,1.0,1.0,1.0,0.96,0.98,1.0,1.0,1.0,1.0,0.96,1.0,1.0,0.9,0.98,0.96,1.0,1.0,1.0,1.0,1.0,1.0,1.0,1.0,1.0,1.0,1.0,1.0,1.0,1.0,1.0,0.98,0.94,0.98,1.0,0.9,1.0,1.0,1.0,0.98,1.0,1.0,1.0,1.0,1.0,1.0,0.0,0.94,1.0,1.0,1.0,1.0,1.0,0.3,0.0,0.3,1.0,1.0,1.0,1.0,1.0,1.0,1.0,1.0,1.0,1.0,1.0,1.0,1.0,1.0,1.0,1.0,1.0,0.98,0.98,1.0,1.0,1.0,1.0,0.0,1.0,1.0,1.0,1.0,0.98,1.0,0.22,1.0,1.0,1.0,0.04,1.0,1.0,1.0,1.0,1.0,0.98,1.0,1.0,1.0,1.0,0.96,1.0,1.0,1.0,1.0,1.0,1.0,1.0,1.0,1.0,0.98,0.9,0.96,0.2,1.0,1.0,1.0,1.0,0.0,1.0,1.0,0.92,1.0,0.98,1.0,1.0,1.0,1.0,0.2,1.0,1.0,1.0,1.0,0.98,0.9,1.0,0.96,0.96,1.0,0.9,1.0,1.0,0.92,1.0,1.0,1.0,1.0,1.0,0.24,1.0,1.0,0.12,0.98,1.0,1.0,1.0,0.96,0.98,1.0,0.995,1.0,1.0,0.96,1.0,1.0,1.0,1.0,1.0,1.0,1.0,1.0,0.96,1.0,1.0,1.0,1.0,1.0,1.0,1.0,1.0,1.0,1.0,1.0,0.98,1.0,1.0,1.0,1.0,1.0,1.0,1.0,1.0,0.98,1.0,1.0,1.0,1.0,1.0,1.0,1.0,0.98,1.0,1.0,1.0,0.0,1.0,1.0,1.0,0.98,1.0,1.0,1.0,1.0,1.0,1.0,1.0,1.0,1.0,1.0,0.9,1.0,0.02,1.0,1.0,1.0,1.0,1.0,1.0,0.38,0.98,0.98,1.0,0.98,1.0,1.0,1.0,0.86,1.0,1.0,1.0,0.92,1.0,0.98,1.0,0.9,1.0,1.0,0.96,1.0,1.0,1.0,1.0,1.0,1.0,1.0,0.96,1.0,0.2,0.98,1.0,0.98,1.0,1.0,0.96,1.0,1.0,1.0,0.02,1.0,1.0,1.0,1.0,1.0,1.0,1.0,1.0,1.0,0.96,1.0,1.0,1.0,1.0,1.0,1.0,0.0,1.0,1.0,0.98,1.0,0.98,1.0,0.88,1.0,1.0,1.0,1.0,1.0,1.0,1.0,1.0,1.0,0.94,0.88,1.0,1.0,1.0,1.0,1.0,1.0,0.96,1.0,1.0,1.0,0.98,1.0,1.0,1.0,0.22,1.0,1.0,0.02,1.0,1.0,1.0,1.0,1.0,1.0,1.0
0.18,1.0,1.0,1.0,1.0,1.0,1.0,1.0,1.0,1.0,1.0,1.0,1.0,1.0,0.92,1.0,1.0,1.0,1.0,1.0,0.98,1.0,1.0,1.0,1.0,1.0,1.0,1.0,1.0,1.0,1.0,0.74,0.42,0.98,1.0,1.0,0.88,0.99,1.0,1.0,1.0,1.0,1.0,1.0,0.98,1.0,1.0,1.0,1.0,0.96,1.0,0.64,1.0,1.0,1.0,1.0,1.0,1.0,1.0,1.0,1.0,0.94,1.0,1.0,0.92,0.9,1.0,0.48,0.76,1.0,1.0,0.9433333333333335,0.92,0.94,1.0,1.0,0.94,1.0,1.0,1.0,0.92,1.0,1.0,0.56,1.0,1.0,1.0,1.0,1.0,1.0,1.0,1.0,1.0,1.0,1.0,1.0,1.0,1.0,1.0,1.0,1.0,0.94,1.0,1.0,0.98,1.0,1.0,1.0,1.0,1.0,0.88,0.13166666666666665,1.0,1.0,1.0,1.0,1.0,0.74,0.64,1.0,1.0,0.94,1.0,1.0,1.0,0.94,0.78,0.9,1.0,1.0,0.94,1.0,0.92,1.0,1.0,1.0,0.92,1.0,1.0,0.48,0.08,1.0,0.98,0.94,1.0,1.0,0.965,0.24,0.94,0.58,1.0,0.76,1.0,1.0,0.94,0.68,1.0,0.6,0.86,1.0,1.0,1.0,1.0,1.0,1.0,1.0,1.0,1.0,0.68,1.0,1.0,1.0,1.0,1.0,1.0,1.0,1.0,0.5,1.0,0.7,1.0,1.0,1.0,1.0,0.92,1.0,1.0,1.0,1.0,1.0,1.0,1.0,1.0,1.0,0.94,1.0,0.94,1.0,1.0,1.0,1.0,1.0,1.0,0.88,1.0,0.985,1.0,0.98,0.82,1.0,1.0,1.0,1.0,1.0,1.0,1.0,1.0,1.0,1.0,1.0,1.0,1.0,1.0,1.0,1.0,0.98,1.0,0.92,1.0,1.0,1.0,1.0,1.0,1.0,1.0,1.0,1.0,1.0,1.0,1.0,1.0,1.0,1.0,1.0,1.0,1.0,0.94,1.0,1.0,1.0,1.0,0.74,0.99,0.94,1.0,1.0,0.56,1.0,1.0,1.0,1.0,1.0,0.66,1.0,0.98,1.0,1.0,1.0,0.94,1.0,1.0,1.0,1.0,0.8683333333333334,0.76,0.985,1.0,0.92,0.94,1.0,0.74,1.0,1.0,1.0,1.0,1.0,1.0,0.985,0.56,1.0,1.0,0.5,1.0,1.0,1.0,1.0,1.0,0.92,0.94,1.0,1.0,0.12,1.0,1.0,1.0,1.0,1.0,1.0,1.0,1.0,0.64,1.0,0.99,1.0,1.0,1.0,1.0,1.0,1.0,1.0,0.94,1.0,0.94,1.0,0.9,1.0,1.0,0.72,1.0,1.0,1.0,1.0,1.0,0.94,0.945,1.0,1.0,1.0,1.0,1.0,1.0,0.94,1.0,1.0,1.0,1.0,0.96,1.0,1.0,1.0,1.0,1.0,1.0,1.0,1.0,1.0,1.0,1.0,1.0,0.92,0.475,0.38,1.0,0.92,1.0,1.0,1.0,0.62,0.59,0.46,1.0,1.0,1.0,1.0,1.0,1.0,1.0,0.94,1.0,0.98,1.0,1.0,1.0,1.0,1.0,1.0,1.0,0.985,0.98,1.0,1.0,1.0,1.0,0.54,0.94,1.0,0.94,1.0,1.0,1.0,0.62,1.0,1.0,1.0,0.06,1.0,1.0,1.0,1.0,1.0,1.0,1.0,1.0,1.0,1.0,1.0,1.0,1.0,1.0,1.0,1.0,1.0,0.92,1.0,1.0,1.0,1.0,0.98,0.68,1.0,1.0,1.0,1.0,0.77,0.94,1.0,1.0,0.98,1.0,1.0,1.0,1.0,1.0,0.72,1.0,1.0,1.0,1.0,1.0,1.0,1.0,0.94,0.94,1.0,1.0,1.0,0.94,1.0,1.0,1.0,0.94,1.0,1.0,0.72,0.88,0.88,0.66,1.0,1.0,1.0,1.0,1.0,1.0,1.0,1.0,1.0,1.0,1.0,0.98,0.52,0.94,0.94,1.0,0.9,1.0,1.0,1.0,1.0,1.0,0.92,1.0,1.0,1.0,0.92,1.0,0.88,1.0,1.0,1.0,1.0,1.0,1.0,1.0,0.94,1.0,0.9933333333333334,1.0,1.0,0.94,0.98,1.0,1.0,1.0,1.0,1.0,1.0,1.0,0.9,1.0,0.56,1.0,1.0,1.0,1.0,1.0,1.0,1.0,1.0,1.0,1.0,0.94,1.0,1.0,1.0,0.98,1.0,0.58,1.0,0.94,1.0,0.92,1.0,1.0,0.58,0.98,1.0,1.0,0.6,0.94,0.94,1.0,0.72,1.0,1.0,1.0,0.88,1.0,1.0,1.0,1.0,1.0,0.92,1.0,1.0,1.0,1.0,0.9,1.0,1.0,1.0,0.94,0.92,0.62,0.66,0.98,1.0,0.94,1.0,1.0,1.0,1.0,1.0,0.6,1.0,1.0,1.0,1.0,1.0,1.0,1.0,0.94,1.0,0.32,1.0,1.0,1.0,1.0,1.0,0.92,0.68,1.0,1.0,1.0,1.0,1.0,1.0,0.62,1.0,0.92,0.94,1.0,1.0,0.98,1.0,0.98,1.0,0.7,0.66,1.0,1.0,0.94,1.0,1.0,1.0,1.0,1.0,1.0,1.0,1.0,1.0,0.94,1.0,0.72,1.0,0.98,0.68,1.0,0.98,1.0,1.0,0.94,1.0,1.0
0.02,1.0,1.0,1.0,1.0,1.0,1.0,1.0,1.0,1.0,1.0,1.0,1.0,1.0,0.98,1.0,1.0,1.0,1.0,1.0,1.0,1.0,1.0,1.0,1.0,1.0,1.0,1.0,1.0,0.98,1.0,0.64,0.7,0.98,1.0,1.0,0.98,1.0,1.0,1.0,1.0,1.0,1.0,1.0,1.0,1.0,1.0,1.0,1.0,1.0,1.0,0.62,1.0,1.0,1.0,1.0,1.0,0.98,1.0,1.0,1.0,1.0,1.0,1.0,1.0,0.98,1.0,0.7,0.72,1.0,1.0,1.0,1.0,1.0,1.0,1.0,1.0,1.0,1.0,1.0,1.0,1.0,1.0,0.66,1.0,1.0,1.0,1.0,1.0,1.0,0.98,1.0,1.0,1.0,1.0,1.0,1.0,1.0,0.98,1.0,1.0,1.0,1.0,0.98,1.0,1.0,0.98,1.0,1.0,1.0,1.0,0.0,1.0,0.98,1.0,1.0,1.0,0.56,0.4,1.0,1.0,0.94,1.0,1.0,1.0,1.0,0.62,1.0,1.0,1.0,1.0,1.0,1.0,1.0,1.0,0.98,0.98,1.0,1.0,0.28,0.2,1.0,1.0,1.0,1.0,1.0,1.0,0.1,1.0,0.72,1.0,0.78,1.0,1.0,0.96,0.68,1.0,0.74,1.0,1.0,1.0,1.0,1.0,1.0,1.0,1.0,1.0,0.98,0.74,1.0,1.0,1.0,0.98,1.0,1.0,1.0,1.0,0.5,1.0,0.68,1.0,1.0,1.0,1.0,0.98,1.0,1.0,1.0,1.0,1.0,1.0,1.0,1.0,1.0,0.98,1.0,1.0,1.0,1.0,1.0,1.0,1.0,1.0,0.98,1.0,1.0,1.0,1.0,0.58,1.0,1.0,1.0,1.0,1.0,1.0,1.0,1.0,1.0,1.0,1.0,1.0,1.0,1.0,1.0,1.0,1.0,1.0,1.0,1.0,1.0,1.0,1.0,1.0,1.0,1.0,1.0,1.0,1.0,1.0,1.0,1.0,1.0,1.0,1.0,1.0,1.0,1.0,1.0,1.0,1.0,1.0,0.72,1.0,1.0,1.0,1.0,0.38,1.0,1.0,1.0,1.0,1.0,0.48,1.0,0.98,1.0,1.0,1.0,1.0,1.0,1.0,1.0,1.0,1.0,0.72,1.0,1.0,1.0,1.0,1.0,0.42,1.0,1.0,1.0,0.98,1.0,0.98,1.0,0.28,1.0,1.0,0.28,1.0,1.0,1.0,1.0,1.0,1.0,1.0,1.0,1.0,0.18,1.0,1.0,1.0,1.0,1.0,1.0,1.0,0.98,0.52,1.0,1.0,1.0,1.0,1.0,1.0,1.0,0.98,0.98,1.0,1.0,1.0,1.0,0.98,1.0,1.0,0.54,0.98,0.98,1.0,1.0,1.0,1.0,1.0,1.0,1.0,1.0,1.0,1.0,1.0,1.0,1.0,1.0,0.88,1.0,1.0,0.98,1.0,1.0,1.0,1.0,1.0,0.98,1.0,1.0,1.0,1.0,1.0,1.0,0.42,0.56,1.0,1.0,1.0,1.0,1.0,0.72,0.42,0.68,1.0,1.0,1.0,1.0,1.0,1.0,1.0,1.0,1.0,0.98,1.0,1.0,1.0,1.0,1.0,1.0,1.0,0.98,1.0,1.0,1.0,1.0,1.0,0.72,1.0,1.0,1.0,1.0,1.0,1.0,0.64,1.0,1.0,1.0,0.02,1.0,1.0,1.0,1.0,1.0,1.0,0.88,1.0,1.0,1.0,0.98,1.0,1.0,1.0,1.0,1.0,1.0,1.0,1.0,1.0,1.0,1.0,0.98,0.7,1.0,1.0,1.0,1.0,0.38,1.0,1.0,0.96,1.0,1.0,1.0,1.0,1.0,1.0,0.68,1.0,1.0,1.0,1.0,1.0,1.0,1.0,0.98,0.98,1.0,0.94,1.0,1.0,0.94,1.0,1.0,1.0,1.0,1.0,0.72,1.0,1.0,0.42,1.0,1.0,1.0,1.0,0.96,0.98,1.0,1.0,1.0,1.0,0.98,1.0,0.28,1.0,1.0,1.0,1.0,1.0,1.0,0.98,0.94,1.0,0.96,1.0,1.0,1.0,1.0,1.0,1.0,1.0,1.0,1.0,1.0,1.0,1.0,1.0,1.0,1.0,1.0,1.0,0.98,1.0,1.0,1.0,1.0,1.0,1.0,1.0,0.98,1.0,1.0,1.0,0.72,1.0,1.0,1.0,0.98,1.0,1.0,1.0,1.0,1.0,1.0,1.0,1.0,1.0,1.0,0.98,1.0,0.76,1.0,1.0,1.0,1.0,1.0,1.0,0.6,1.0,0.98,1.0,0.66,1.0,1.0,1.0,0.32,1.0,1.0,1.0,1.0,1.0,0.98,1.0,0.94,1.0,1.0,0.98,1.0,1.0,1.0,1.0,1.0,1.0,1.0,0.98,1.0,0.72,0.54,0.98,1.0,1.0,1.0,0.98,1.0,1.0,1.0,0.68,1.0,1.0,1.0,1.0,1.0,1.0,1.0,1.0,1.0,0.26,1.0,1.0,1.0,1.0,1.0,1.0,0.72,1.0,1.0,0.98,1.0,1.0,1.0,0.58,1.0,1.0,1.0,1.0,1.0,1.0,1.0,1.0,1.0,0.72,0.58,1.0,1.0,1.0,1.0,0.9,1.0,0.98,1.0,1.0,1.0,1.0,1.0,1.0,1.0,0.42,1.0,1.0,0.62,1.0,1.0,1.0,1.0,1.0,1.0,1.0
0.0,1.0,1.0,1.0,1.0,1.0,1.0,1.0,1.0,1.0,1.0,1.0,1.0,1.0,1.0,1.0,1.0,1.0,1.0,1.0,1.0,1.0,1.0,0.98,1.0,1.0,1.0,1.0,1.0,1.0,1.0,0.02,0.0,1.0,1.0,1.0,1.0,1.0,1.0,1.0,1.0,1.0,1.0,1.0,1.0,1.0,1.0,1.0,1.0,1.0,1.0,0.02,1.0,1.0,1.0,1.0,1.0,1.0,1.0,1.0,1.0,1.0,1.0,1.0,1.0,1.0,1.0,0.0,0.0,1.0,1.0,1.0,1.0,1.0,1.0,1.0,1.0,1.0,1.0,1.0,1.0,1.0,1.0,0.0,1.0,1.0,1.0,1.0,1.0,1.0,1.0,1.0,1.0,1.0,1.0,1.0,1.0,1.0,1.0,1.0,1.0,1.0,1.0,0.98,1.0,1.0,1.0,1.0,1.0,1.0,1.0,0.0,1.0,1.0,1.0,1.0,1.0,0.0,0.0,1.0,1.0,1.0,1.0,1.0,1.0,1.0,1.0,1.0,1.0,1.0,1.0,1.0,1.0,1.0,1.0,1.0,1.0,1.0,1.0,1.0,0.02,1.0,1.0,1.0,1.0,1.0,1.0,0.0,1.0,0.0,1.0,0.0,1.0,1.0,0.96,1.0,1.0,0.0,1.0,1.0,1.0,1.0,1.0,1.0,1.0,1.0,1.0,1.0,0.0,1.0,1.0,1.0,1.0,1.0,1.0,1.0,1.0,0.0,1.0,0.0,1.0,1.0,1.0,1.0,1.0,1.0,1.0,1.0,1.0,1.0,1.0,1.0,1.0,1.0,1.0,1.0,1.0,1.0,1.0,1.0,1.0,1.0,1.0,1.0,1.0,1.0,1.0,1.0,1.0,1.0,1.0,1.0,1.0,1.0,1.0,1.0,1.0,1.0,1.0,1.0,1.0,1.0,1.0,1.0,1.0,1.0,1.0,1.0,1.0,1.0,1.0,1.0,1.0,1.0,1.0,1.0,1.0,1.0,1.0,1.0,1.0,1.0,1.0,1.0,1.0,1.0,1.0,1.0,1.0,1.0,1.0,0.0,1.0,1.0,1.0,1.0,1.0,1.0,1.0,1.0,1.0,1.0,0.0,1.0,1.0,1.0,1.0,1.0,1.0,1.0,1.0,1.0,1.0,1.0,0.0,1.0,1.0,1.0,1.0,1.0,0.0,1.0,1.0,1.0,1.0,1.0,0.98,1.0,1.0,1.0,1.0,1.0,1.0,1.0,1.0,1.0,1.0,1.0,1.0,1.0,1.0,0.0,1.0,1.0,1.0,1.0,1.0,1.0,1.0,1.0,1.0,1.0,1.0,1.0,1.0,1.0,1.0,1.0,1.0,1.0,1.0,1.0,1.0,1.0,1.0,1.0,1.0,1.0,1.0,1.0,1.0,1.0,1.0,1.0,1.0,1.0,1.0,1.0,1.0,1.0,1.0,1.0,1.0,1.0,1.0,1.0,0.98,1.0,1.0,0.98,1.0,1.0,1.0,1.0,1.0,1.0,1.0,1.0,1.0,1.0,0.0,1.0,1.0,1.0,1.0,1.0,1.0,0.0,0.0,0.0,1.0,1.0,1.0,1.0,1.0,1.0,1.0,1.0,1.0,1.0,1.0,1.0,1.0,1.0,1.0,1.0,1.0,1.0,1.0,1.0,1.0,1.0,1.0,0.0,1.0,1.0,1.0,1.0,1.0,1.0,0.0,1.0,1.0,1.0,0.0,1.0,1.0,1.0,1.0,1.0,1.0,1.0,1.0,1.0,1.0,1.0,1.0,1.0,1.0,1.0,1.0,1.0,1.0,1.0,1.0,1.0,0.98,1.0,0.0,1.0,1.0,1.0,1.0,0.0,1.0,1.0,1.0,1.0,0.98,1.0,1.0,1.0,1.0,0.0,1.0,1.0,1.0,1.0,1.0,0.98,1.0,1.0,1.0,1.0,1.0,1.0,1.0,1.0,1.0,1.0,1.0,1.0,1.0,0.0,1.0,1.0,0.0,1.0,1.0,1.0,1.0,1.0,1.0,1.0,1.0,1.0,1.0,1.0,1.0,1.0,1.0,1.0,1.0,1.0,1.0,1.0,1.0,1.0,1.0,1.0,1.0,1.0,1.0,1.0,1.0,1.0,1.0,1.0,1.0,1.0,1.0,1.0,1.0,1.0,1.0,1.0,1.0,1.0,1.0,1.0,1.0,1.0,1.0,1.0,1.0,1.0,1.0,1.0,1.0,0.0,1.0,1.0,1.0,1.0,1.0,1.0,1.0,1.0,1.0,1.0,1.0,1.0,1.0,1.0,0.98,1.0,0.0,1.0,1.0,1.0,1.0,1.0,1.0,0.0,1.0,0.98,1.0,1.0,1.0,1.0,1.0,1.0,1.0,1.0,1.0,0.98,1.0,1.0,1.0,1.0,1.0,1.0,1.0,1.0,1.0,1.0,1.0,1.0,1.0,1.0,1.0,1.0,0.0,1.0,1.0,1.0,1.0,1.0,1.0,1.0,1.0,1.0,0.0,1.0,1.0,1.0,1.0,1.0,1.0,1.0,1.0,1.0,1.0,1.0,1.0,1.0,1.0,1.0,1.0,0.0,1.0,1.0,1.0,1.0,0.98,1.0,1.0,1.0,1.0,1.0,1.0,1.0,1.0,1.0,1.0,1.0,1.0,1.0,1.0,1.0,1.0,1.0,1.0,1.0,1.0,1.0,1.0,1.0,1.0,1.0,1.0,1.0,0.0,1.0,1.0,0.0,1.0,1.0,1.0,1.0,1.0,1.0,1.0
0.1,1.0,1.0,1.0,1.0,1.0,1.0,1.0,1.0,1.0,1.0,1.0,1.0,1.0,1.0,1.0,1.0,1.0,1.0,1.0,1.0,1.0,1.0,1.0,1.0,1.0,1.0,1.0,1.0,1.0,1.0,0.16,0.0,0.96,1.0,1.0,0.98,1.0,1.0,1.0,1.0,1.0,1.0,1.0,0.96,1.0,1.0,1.0,1.0,0.9,1.0,0.14,1.0,1.0,1.0,1.0,1.0,1.0,1.0,1.0,1.0,0.94,1.0,1.0,0.92,1.0,1.0,0.1,0.12,1.0,1.0,0.9033333333333334,1.0,0.96,1.0,1.0,1.0,1.0,1.0,1.0,1.0,1.0,1.0,0.0,1.0,1.0,1.0,1.0,1.0,1.0,1.0,1.0,1.0,1.0,1.0,1.0,1.0,1.0,1.0,1.0,1.0,1.0,1.0,1.0,1.0,1.0,1.0,1.0,1.0,1.0,0.98,0.09666666666666668,1.0,1.0,1.0,1.0,1.0,0.2,0.06,1.0,1.0,1.0,1.0,1.0,1.0,1.0,1.0,0.94,1.0,1.0,1.0,1.0,1.0,1.0,1.0,1.0,1.0,1.0,1.0,0.9,0.2,1.0,0.98,0.92,1.0,1.0,0.98,0.02,1.0,0.18,1.0,0.1,1.0,1.0,0.94,1.0,1.0,0.0,0.92,1.0,1.0,1.0,1.0,1.0,1.0,1.0,1.0,1.0,0.1,1.0,1.0,1.0,0.98,1.0,1.0,1.0,1.0,0.08,1.0,0.1,1.0,1.0,1.0,1.0,1.0,1.0,1.0,1.0,1.0,1.0,1.0,1.0,1.0,1.0,0.96,1.0,1.0,1.0,1.0,1.0,1.0,1.0,1.0,0.98,1.0,1.0,1.0,0.98,1.0,1.0,1.0,1.0,1.0,1.0,1.0,1.0,1.0,1.0,1.0,1.0,1.0,1.0,1.0,1.0,1.0,1.0,1.0,1.0,1.0,1.0,1.0,1.0,1.0,1.0,1.0,1.0,1.0,1.0,1.0,1.0,1.0,1.0,1.0,1.0,1.0,1.0,1.0,1.0,1.0,1.0,1.0,0.16,1.0,1.0,1.0,1.0,0.86,1.0,1.0,1.0,1.0,0.98,0.22,1.0,1.0,1.0,1.0,1.0,1.0,1.0,1.0,1.0,1.0,0.9033333333333334,0.12,1.0,1.0,1.0,0.94,1.0,0.24,1.0,1.0,0.98,1.0,1.0,1.0,1.0,0.9,1.0,1.0,0.9,1.0,1.0,1.0,1.0,1.0,1.0,1.0,1.0,1.0,0.26,1.0,1.0,1.0,1.0,1.0,1.0,1.0,1.0,1.0,1.0,1.0,1.0,1.0,1.0,1.0,1.0,1.0,1.0,1.0,1.0,1.0,1.0,1.0,1.0,1.0,0.94,1.0,1.0,1.0,1.0,1.0,1.0,0.98,1.0,1.0,1.0,1.0,1.0,1.0,1.0,1.0,1.0,0.84,1.0,0.98,1.0,1.0,1.0,1.0,1.0,1.0,1.0,1.0,1.0,0.98,1.0,1.0,1.0,0.0,0.84,1.0,1.0,1.0,1.0,1.0,0.22,0.12,0.18,1.0,1.0,1.0,1.0,1.0,1.0,1.0,1.0,1.0,0.96,1.0,1.0,1.0,1.0,1.0,1.0,1.0,1.0,0.96,1.0,1.0,1.0,1.0,0.0,1.0,1.0,1.0,1.0,1.0,1.0,0.16,1.0,1.0,1.0,0.0,1.0,1.0,1.0,1.0,1.0,1.0,0.92,1.0,1.0,1.0,1.0,1.0,1.0,1.0,1.0,1.0,1.0,0.9,1.0,1.0,1.0,1.0,1.0,0.16,1.0,1.0,1.0,1.0,0.1,1.0,1.0,1.0,0.96,1.0,1.0,1.0,1.0,1.0,0.3,1.0,1.0,1.0,1.0,1.0,1.0,1.0,1.0,1.0,1.0,1.0,1.0,1.0,1.0,1.0,1.0,1.0,1.0,1.0,0.26,0.98,0.98,0.26,1.0,1.0,1.0,1.0,1.0,1.0,1.0,1.0,0.98,1.0,1.0,0.98,1.0,1.0,1.0,1.0,1.0,1.0,1.0,1.0,0.9,1.0,0.98,1.0,1.0,1.0,1.0,1.0,0.98,1.0,1.0,1.0,1.0,1.0,1.0,1.0,1.0,1.0,0.9633333333333334,1.0,1.0,1.0,1.0,1.0,1.0,1.0,1.0,1.0,1.0,1.0,0.94,1.0,0.02,1.0,1.0,1.0,1.0,1.0,1.0,1.0,1.0,1.0,1.0,1.0,1.0,1.0,1.0,0.98,1.0,0.04,1.0,1.0,1.0,1.0,1.0,1.0,0.16,1.0,1.0,1.0,1.0,1.0,1.0,1.0,0.94,1.0,1.0,1.0,0.94,1.0,0.98,1.0,1.0,1.0,1.0,1.0,1.0,1.0,0.98,0.9,1.0,1.0,1.0,1.0,1.0,0.16,1.0,0.98,1.0,1.0,1.0,1.0,1.0,1.0,1.0,0.0,1.0,1.0,1.0,1.0,1.0,1.0,1.0,1.0,1.0,0.9,1.0,1.0,1.0,1.0,1.0,1.0,0.0,1.0,1.0,1.0,1.0,1.0,1.0,0.9,1.0,1.0,1.0,1.0,1.0,1.0,1.0,1.0,1.0,0.94,0.88,1.0,1.0,1.0,1.0,0.9,1.0,1.0,1.0,1.0,1.0,1.0,1.0,0.94,1.0,0.3,1.0,1.0,0.1,1.0,0.98,1.0,1.0,1.0,1.0,1.0
0.16,0.98,1.0,1.0,1.0,1.0,1.0,1.0,1.0,0.98,1.0,1.0,1.0,1.0,0.98,1.0,1.0,1.0,1.0,1.0,1.0,1.0,0.98,0.98,1.0,1.0,1.0,1.0,1.0,0.99,1.0,0.42,0.4,1.0,1.0,0.99,0.98,0.99,0.98,1.0,1.0,1.0,1.0,1.0,0.96,1.0,0.98,0.99,1.0,0.94,1.0,0.32,0.98,0.98,1.0,1.0,1.0,1.0,1.0,1.0,1.0,0.92,1.0,1.0,1.0,1.0,1.0,0.4,0.73,1.0,1.0,0.99,0.98,0.98,1.0,1.0,0.98,1.0,1.0,1.0,0.98,1.0,1.0,0.52,1.0,1.0,1.0,1.0,1.0,1.0,1.0,1.0,1.0,1.0,1.0,1.0,1.0,1.0,1.0,1.0,1.0,0.98,1.0,0.98,1.0,1.0,0.95,1.0,0.98,1.0,0.98,0.01,1.0,0.98,1.0,1.0,0.99,0.78,0.68,1.0,1.0,0.98,1.0,0.98,0.98,0.98,0.94,0.98,1.0,1.0,0.98,1.0,0.98,1.0,1.0,0.98,0.98,1.0,0.98,0.34,0.0,0.99,1.0,0.94,1.0,1.0,0.99,0.02,0.98,0.32,1.0,0.68,1.0,1.0,0.95,0.9,1.0,0.56,0.84,0.99,0.98,1.0,1.0,1.0,1.0,1.0,1.0,1.0,0.78,0.98,1.0,1.0,0.99,1.0,1.0,1.0,0.99,0.14,1.0,0.78,1.0,1.0,1.0,0.98,1.0,1.0,1.0,1.0,1.0,1.0,1.0,0.98,1.0,1.0,0.84,1.0,0.98,1.0,1.0,1.0,0.98,1.0,1.0,0.98,1.0,1.0,1.0,1.0,0.76,1.0,0.98,0.99,1.0,1.0,1.0,1.0,1.0,1.0,1.0,1.0,1.0,1.0,1.0,1.0,1.0,1.0,0.99,0.98,0.98,1.0,1.0,0.98,1.0,1.0,1.0,1.0,1.0,1.0,0.98,1.0,1.0,1.0,1.0,0.99,1.0,0.98,0.98,1.0,0.98,1.0,1.0,0.73,0.99,0.98,1.0,1.0,0.74,1.0,1.0,1.0,1.0,0.98,0.48,1.0,1.0,0.98,1.0,1.0,0.98,1.0,1.0,1.0,1.0,0.99,0.73,0.99,1.0,0.98,0.92,1.0,0.66,1.0,1.0,0.98,1.0,1.0,0.98,1.0,0.52,1.0,0.99,0.32,1.0,1.0,1.0,1.0,0.98,0.98,0.98,1.0,1.0,0.02,1.0,1.0,1.0,1.0,1.0,1.0,1.0,1.0,0.84,1.0,0.99,1.0,0.98,1.0,1.0,1.0,1.0,1.0,0.98,1.0,0.98,1.0,1.0,1.0,1.0,0.76,0.98,1.0,1.0,1.0,1.0,1.0,1.0,1.0,1.0,1.0,1.0,1.0,1.0,0.98,0.98,1.0,1.0,1.0,1.0,0.99,1.0,1.0,1.0,1.0,1.0,1.0,1.0,1.0,1.0,1.0,1.0,0.98,0.26,0.34,0.99,1.0,1.0,1.0,0.98,0.48,0.45,0.32,1.0,1.0,1.0,0.98,1.0,1.0,1.0,0.98,1.0,0.98,1.0,1.0,0.98,0.98,1.0,1.0,1.0,0.99,0.98,1.0,0.98,1.0,1.0,0.48,0.98,1.0,0.98,1.0,1.0,1.0,0.08,1.0,0.98,0.98,0.02,0.99,1.0,0.98,1.0,0.98,1.0,1.0,1.0,1.0,0.98,1.0,1.0,1.0,1.0,1.0,1.0,1.0,0.84,1.0,1.0,1.0,0.98,1.0,0.67,1.0,1.0,0.98,1.0,0.79,0.98,0.99,1.0,0.98,1.0,1.0,1.0,1.0,0.98,0.24,1.0,1.0,1.0,1.0,1.0,1.0,1.0,0.98,0.98,1.0,1.0,0.99,0.98,0.99,0.98,1.0,0.98,1.0,0.98,0.48,0.98,0.98,0.48,1.0,1.0,1.0,1.0,1.0,1.0,1.0,1.0,1.0,1.0,1.0,0.98,0.5,0.98,0.98,1.0,1.0,1.0,1.0,1.0,1.0,1.0,0.92,1.0,1.0,1.0,0.98,1.0,0.98,1.0,1.0,1.0,1.0,0.98,1.0,1.0,0.98,1.0,0.99,1.0,0.98,0.98,1.0,0.98,1.0,0.98,0.99,1.0,0.98,0.99,0.96,1.0,0.5,1.0,1.0,1.0,0.98,0.98,1.0,1.0,1.0,1.0,0.98,0.98,1.0,1.0,0.98,1.0,1.0,0.48,1.0,0.98,1.0,0.98,1.0,1.0,0.34,0.99,0.98,1.0,0.52,0.98,0.98,1.0,0.76,1.0,1.0,0.98,0.92,0.98,1.0,1.0,1.0,0.99,0.98,1.0,1.0,1.0,1.0,0.86,0.98,0.98,1.0,0.98,0.98,0.66,0.9,1.0,1.0,0.98,0.98,1.0,1.0,1.0,1.0,0.5,0.98,1.0,1.0,1.0,1.0,1.0,1.0,0.98,1.0,0.22,0.98,1.0,1.0,1.0,1.0,0.98,0.55,1.0,1.0,0.99,1.0,1.0,1.0,0.32,1.0,0.98,0.98,1.0,1.0,0.99,1.0,1.0,1.0,0.82,0.68,1.0,1.0,0.98,1.0,1.0,1.0,0.99,1.0,1.0,1.0,0.99,0.99,0.92,0.98,0.24,0.98,0.99,0.78,1.0,0.98,1.0,1.0,0.98,1.0,1.0
0.0,1.0,1.0,1.0,1.0,1.0,1.0,1.0,1.0,1.0,1.0,1.0,1.0,1.0,0.98,1.0,1.0,1.0,1.0,1.0,1.0,1.0,1.0,1.0,1.0,1.0,1.0,1.0,1.0,0.9566666666666667,1.0,0.26,0.0,0.96,1.0,1.0,0.98,0.9566666666666667,1.0,1.0,1.0,1.0,1.0,1.0,1.0,1.0,1.0,1.0,1.0,1.0,1.0,0.28,1.0,1.0,1.0,1.0,1.0,1.0,1.0,1.0,1.0,1.0,1.0,1.0,0.8,0.92,1.0,0.24,0.0,1.0,1.0,1.0,0.98,1.0,1.0,1.0,0.98,1.0,1.0,1.0,0.98,1.0,1.0,0.0,1.0,1.0,1.0,1.0,1.0,1.0,1.0,1.0,1.0,1.0,1.0,1.0,1.0,1.0,1.0,1.0,1.0,0.98,1.0,1.0,1.0,1.0,0.9566666666666667,1.0,1.0,1.0,0.98,0.04333333333333333,1.0,0.98,1.0,1.0,0.9566666666666667,0.16,0.0,1.0,1.0,0.98,1.0,1.0,1.0,0.98,0.92,1.0,1.0,1.0,0.98,1.0,0.98,1.0,1.0,1.0,0.98,1.0,1.0,1.0,0.42,1.0,1.0,1.0,1.0,1.0,0.9566666666666667,0.22,0.98,0.2,1.0,0.0,1.0,1.0,0.9266666666666667,1.0,1.0,0.02,0.9566666666666667,1.0,1.0,1.0,1.0,1.0,1.0,1.0,1.0,1.0,0.02,1.0,1.0,1.0,1.0,1.0,1.0,1.0,1.0,0.28,1.0,0.02,1.0,1.0,1.0,1.0,0.9,1.0,1.0,1.0,1.0,1.0,1.0,1.0,1.0,1.0,0.9466666666666668,1.0,0.98,1.0,1.0,1.0,1.0,1.0,1.0,0.98,1.0,1.0,1.0,0.98,0.98,1.0,1.0,0.9566666666666667,1.0,1.0,1.0,1.0,1.0,1.0,1.0,1.0,1.0,1.0,1.0,1.0,0.98,1.0,0.9566666666666667,0.98,1.0,1.0,1.0,1.0,1.0,1.0,1.0,1.0,1.0,1.0,1.0,1.0,1.0,1.0,1.0,0.9566666666666667,1.0,1.0,0.98,1.0,1.0,1.0,1.0,0.0,0.97,0.98,1.0,1.0,0.88,1.0,1.0,1.0,1.0,1.0,0.2,1.0,0.98,1.0,1.0,1.0,0.98,1.0,1.0,1.0,1.0,0.9566666666666667,0.0,0.97,1.0,0.98,1.0,1.0,0.1,1.0,1.0,1.0,1.0,1.0,1.0,1.0,0.78,1.0,1.0,1.0,1.0,1.0,1.0,1.0,1.0,0.98,0.98,1.0,1.0,0.5,1.0,1.0,1.0,1.0,1.0,1.0,1.0,1.0,1.0,1.0,0.97,1.0,1.0,1.0,1.0,1.0,1.0,1.0,0.98,1.0,0.98,1.0,0.92,1.0,1.0,0.82,1.0,1.0,1.0,1.0,1.0,0.98,1.0,1.0,1.0,1.0,1.0,1.0,1.0,0.98,1.0,1.0,0.68,1.0,1.0,1.0,1.0,1.0,1.0,1.0,1.0,1.0,1.0,1.0,1.0,1.0,1.0,0.98,0.02,0.9,0.97,0.92,1.0,1.0,1.0,0.22,0.0,0.2,1.0,1.0,1.0,1.0,1.0,1.0,1.0,0.98,1.0,1.0,1.0,1.0,1.0,1.0,1.0,1.0,1.0,0.97,1.0,1.0,1.0,1.0,1.0,0.0,0.98,1.0,0.98,1.0,1.0,1.0,0.28,1.0,1.0,1.0,0.02,1.0,1.0,1.0,1.0,1.0,1.0,0.94,1.0,1.0,1.0,1.0,1.0,1.0,1.0,1.0,1.0,1.0,1.0,1.0,1.0,1.0,1.0,1.0,0.2,1.0,1.0,1.0,1.0,0.03,0.98,0.9566666666666667,1.0,1.0,1.0,1.0,1.0,1.0,1.0,0.18,1.0,1.0,1.0,1.0,1.0,1.0,1.0,0.98,0.98,1.0,1.0,0.97,0.98,0.9566666666666667,1.0,1.0,0.98,1.0,1.0,0.22,0.98,0.98,0.2,1.0,1.0,1.0,1.0,1.0,1.0,1.0,1.0,1.0,1.0,1.0,0.98,1.0,0.98,0.98,1.0,0.92,1.0,1.0,1.0,0.92,1.0,0.98,1.0,1.0,1.0,0.98,1.0,0.98,1.0,1.0,1.0,1.0,1.0,1.0,1.0,0.98,1.0,1.0,1.0,1.0,0.98,0.98,1.0,1.0,1.0,0.9566666666666667,1.0,1.0,1.0,1.0,1.0,0.0,1.0,1.0,1.0,1.0,1.0,1.0,1.0,1.0,1.0,1.0,0.98,1.0,1.0,1.0,1.0,1.0,0.02,1.0,0.98,1.0,0.98,1.0,1.0,0.14,0.9566666666666667,1.0,1.0,1.0,0.98,0.98,1.0,0.82,1.0,1.0,1.0,1.0,1.0,1.0,1.0,1.0,0.9566666666666667,0.98,1.0,1.0,1.0,1.0,1.0,1.0,1.0,1.0,0.98,0.98,0.1,1.0,0.98,1.0,0.98,1.0,1.0,1.0,1.0,1.0,0.0,1.0,1.0,1.0,1.0,1.0,1.0,1.0,0.98,1.0,0.98,1.0,1.0,1.0,1.0,1.0,0.98,0.0,1.0,1.0,1.0,1.0,1.0,1.0,0.8,1.0,0.98,0.98,1.0,1.0,0.9566666666666667,1.0,0.98,1.0,0.88,0.9,1.0,1.0,0.98,1.0,0.9,1.0,0.9566666666666667,1.0,1.0,1.0,0.9466666666666668,0.9566666666666667,1.0,1.0,0.18,1.0,0.9566666666666667,0.02,1.0,1.0,1.0,1.0,0.98,1.0,1.0
0.3,1.0,1.0,1.0,1.0,1.0,1.0,1.0,1.0,1.0,1.0,1.0,1.0,1.0,1.0,1.0,1.0,1.0,1.0,1.0,1.0,1.0,1.0,1.0,1.0,1.0,1.0,1.0,1.0,1.0,1.0,0.7,0.5,1.0,1.0,1.0,1.0,1.0,1.0,1.0,1.0,1.0,1.0,1.0,0.96,1.0,1.0,1.0,1.0,0.9,1.0,0.44,1.0,1.0,1.0,1.0,1.0,1.0,1.0,1.0,1.0,0.78,1.0,1.0,1.0,1.0,1.0,0.7,0.73,1.0,1.0,1.0,1.0,0.96,1.0,1.0,1.0,1.0,1.0,1.0,1.0,1.0,1.0,0.46,1.0,1.0,1.0,1.0,1.0,1.0,1.0,1.0,1.0,1.0,1.0,1.0,1.0,1.0,1.0,1.0,1.0,1.0,1.0,1.0,1.0,1.0,1.0,1.0,1.0,1.0,1.0,0.0,1.0,1.0,1.0,1.0,1.0,0.7,0.66,1.0,1.0,0.98,1.0,1.0,1.0,1.0,0.7,0.96,1.0,1.0,1.0,1.0,1.0,1.0,1.0,1.0,1.0,1.0,1.0,0.27,0.34,1.0,1.0,0.78,1.0,1.0,1.0,0.08,1.0,0.7,1.0,0.73,1.0,1.0,1.0,0.78,1.0,0.7,0.78,1.0,1.0,1.0,1.0,1.0,1.0,1.0,0.98,1.0,0.76,1.0,1.0,1.0,1.0,1.0,1.0,1.0,1.0,0.4,1.0,0.76,1.0,1.0,1.0,1.0,1.0,1.0,1.0,1.0,1.0,1.0,1.0,1.0,1.0,1.0,0.86,1.0,1.0,1.0,1.0,1.0,1.0,1.0,1.0,1.0,1.0,1.0,1.0,1.0,0.56,1.0,1.0,1.0,1.0,1.0,1.0,1.0,1.0,1.0,1.0,1.0,1.0,1.0,1.0,1.0,1.0,1.0,1.0,1.0,1.0,1.0,1.0,1.0,1.0,1.0,1.0,1.0,1.0,1.0,1.0,1.0,1.0,1.0,1.0,1.0,1.0,1.0,1.0,1.0,1.0,1.0,1.0,0.73,1.0,1.0,1.0,1.0,0.3,1.0,1.0,1.0,1.0,1.0,0.46,1.0,1.0,1.0,1.0,1.0,1.0,1.0,1.0,1.0,1.0,1.0,0.73,1.0,1.0,1.0,0.78,1.0,0.7,1.0,1.0,1.0,0.98,1.0,1.0,1.0,0.3,1.0,1.0,0.27,1.0,1.0,1.0,1.0,1.0,1.0,1.0,1.0,1.0,0.32,1.0,1.0,1.0,1.0,1.0,1.0,1.0,1.0,0.58,1.0,1.0,1.0,1.0,1.0,1.0,1.0,1.0,0.98,1.0,1.0,1.0,1.0,1.0,1.0,1.0,0.54,1.0,1.0,1.0,1.0,1.0,1.0,1.0,1.0,1.0,1.0,1.0,1.0,1.0,1.0,1.0,1.0,0.78,1.0,1.0,1.0,1.0,1.0,1.0,1.0,1.0,0.98,1.0,1.0,1.0,1.0,1.0,1.0,0.44,0.47,1.0,1.0,1.0,1.0,1.0,0.7,0.68,0.68,1.0,1.0,1.0,1.0,1.0,1.0,1.0,1.0,1.0,1.0,1.0,1.0,1.0,1.0,1.0,1.0,1.0,0.98,0.88,1.0,1.0,1.0,1.0,0.7,1.0,1.0,1.0,1.0,1.0,1.0,0.46,1.0,1.0,1.0,0.0,1.0,1.0,1.0,1.0,1.0,1.0,0.88,1.0,1.0,1.0,1.0,1.0,1.0,1.0,1.0,1.0,1.0,0.78,1.0,1.0,1.0,1.0,1.0,0.73,1.0,1.0,1.0,1.0,0.72,1.0,1.0,1.0,0.78,1.0,1.0,1.0,1.0,1.0,0.64,1.0,1.0,1.0,1.0,1.0,1.0,1.0,1.0,1.0,1.0,0.98,1.0,1.0,0.98,1.0,1.0,1.0,1.0,1.0,0.7,1.0,1.0,0.44,1.0,1.0,1.0,1.0,0.98,1.0,1.0,1.0,1.0,1.0,1.0,1.0,0.3,1.0,1.0,1.0,1.0,1.0,1.0,1.0,0.94,1.0,0.88,1.0,1.0,1.0,1.0,1.0,1.0,1.0,1.0,1.0,1.0,1.0,1.0,1.0,1.0,1.0,1.0,1.0,1.0,1.0,1.0,1.0,1.0,1.0,1.0,1.0,1.0,1.0,0.94,1.0,0.7,1.0,1.0,1.0,1.0,1.0,1.0,1.0,1.0,1.0,1.0,1.0,1.0,1.0,1.0,1.0,1.0,0.44,1.0,1.0,1.0,1.0,1.0,1.0,0.46,1.0,1.0,1.0,0.64,1.0,1.0,1.0,0.36,1.0,1.0,1.0,0.78,1.0,1.0,1.0,0.98,1.0,1.0,1.0,1.0,1.0,1.0,0.78,1.0,1.0,1.0,1.0,1.0,0.73,0.72,1.0,1.0,1.0,1.0,1.0,1.0,1.0,1.0,0.64,1.0,1.0,1.0,1.0,1.0,1.0,1.0,1.0,1.0,0.24,1.0,1.0,1.0,1.0,1.0,1.0,0.7,1.0,1.0,1.0,1.0,1.0,1.0,0.3,1.0,1.0,1.0,1.0,1.0,1.0,1.0,1.0,1.0,0.72,0.56,1.0,1.0,1.0,1.0,0.9,1.0,1.0,1.0,1.0,1.0,1.0,1.0,0.78,1.0,0.42,1.0,1.0,0.78,1.0,1.0,1.0,1.0,1.0,1.0,1.0
0.0,1.0,1.0,1.0,1.0,1.0,1.0,1.0,1.0,1.0,1.0,1.0,1.0,1.0,1.0,1.0,1.0,1.0,1.0,1.0,1.0,1.0,1.0,1.0,1.0,1.0,1.0,1.0,1.0,1.0,1.0,0.18,0.0,1.0,1.0,0.99,0.98,0.99,1.0,1.0,1.0,1.0,1.0,1.0,1.0,1.0,1.0,1.0,1.0,1.0,1.0,0.2,1.0,1.0,1.0,1.0,1.0,1.0,1.0,1.0,1.0,1.0,1.0,1.0,0.9,1.0,1.0,0.1,0.0,1.0,1.0,0.8983333333333334,1.0,1.0,1.0,1.0,1.0,1.0,1.0,1.0,1.0,1.0,1.0,0.0,1.0,1.0,1.0,1.0,1.0,1.0,1.0,1.0,1.0,1.0,1.0,1.0,1.0,1.0,1.0,1.0,1.0,1.0,1.0,1.0,1.0,1.0,0.98,1.0,1.0,1.0,0.98,0.10166666666666668,1.0,1.0,1.0,1.0,1.0,0.2,0.0,1.0,1.0,1.0,1.0,1.0,1.0,1.0,1.0,1.0,1.0,1.0,1.0,1.0,1.0,1.0,1.0,1.0,1.0,1.0,1.0,1.0,0.28,1.0,0.98,1.0,1.0,1.0,0.975,0.0,1.0,0.24,1.0,0.0,1.0,1.0,0.9633333333333334,1.0,1.0,0.0,1.0,1.0,1.0,1.0,1.0,1.0,1.0,1.0,1.0,1.0,0.0,1.0,1.0,1.0,1.0,1.0,1.0,1.0,1.0,0.24,1.0,0.0,1.0,1.0,1.0,1.0,1.0,1.0,1.0,1.0,1.0,1.0,1.0,1.0,1.0,1.0,1.0,1.0,1.0,1.0,1.0,1.0,1.0,1.0,1.0,0.98,1.0,1.0,1.0,1.0,1.0,1.0,1.0,1.0,1.0,1.0,1.0,1.0,1.0,1.0,1.0,1.0,1.0,1.0,1.0,1.0,1.0,1.0,1.0,1.0,1.0,1.0,1.0,1.0,1.0,1.0,1.0,1.0,1.0,1.0,1.0,1.0,1.0,1.0,1.0,1.0,1.0,1.0,1.0,1.0,1.0,1.0,1.0,0.10166666666666668,0.9833333333333334,1.0,1.0,1.0,0.84,1.0,1.0,1.0,1.0,0.98,0.26,1.0,1.0,1.0,1.0,1.0,1.0,1.0,1.0,1.0,1.0,0.8983333333333334,0.0,1.0,1.0,1.0,1.0,1.0,0.24,1.0,1.0,0.98,1.0,1.0,1.0,1.0,0.86,1.0,1.0,1.0,1.0,1.0,1.0,1.0,1.0,1.0,1.0,1.0,1.0,0.38,1.0,1.0,1.0,1.0,1.0,1.0,1.0,1.0,1.0,1.0,0.99,1.0,1.0,1.0,1.0,1.0,1.0,1.0,1.0,1.0,1.0,1.0,1.0,1.0,1.0,0.9,1.0,1.0,1.0,1.0,1.0,1.0,0.98,1.0,1.0,1.0,1.0,1.0,1.0,1.0,1.0,1.0,0.78,1.0,0.98,1.0,1.0,1.0,1.0,1.0,1.0,1.0,1.0,1.0,0.98,1.0,1.0,1.0,0.02,0.88,1.0,1.0,1.0,1.0,1.0,0.26,0.0,0.18,1.0,1.0,1.0,1.0,1.0,1.0,1.0,1.0,1.0,1.0,1.0,1.0,1.0,1.0,1.0,1.0,1.0,1.0,1.0,1.0,1.0,1.0,1.0,0.0,1.0,1.0,1.0,1.0,1.0,1.0,0.24,1.0,1.0,1.0,0.0,1.0,1.0,1.0,1.0,1.0,1.0,0.92,1.0,1.0,1.0,1.0,1.0,1.0,1.0,1.0,1.0,1.0,1.0,1.0,1.0,1.0,1.0,1.0,0.1,1.0,1.0,1.0,1.0,0.0,1.0,1.0,1.0,1.0,1.0,1.0,1.0,1.0,1.0,0.34,1.0,1.0,1.0,1.0,1.0,1.0,1.0,1.0,1.0,1.0,1.0,1.0,1.0,1.0,1.0,1.0,1.0,1.0,1.0,0.3,0.98,0.98,0.3,1.0,1.0,1.0,1.0,1.0,1.0,1.0,1.0,0.98,1.0,1.0,0.98,1.0,1.0,1.0,1.0,1.0,1.0,1.0,1.0,0.9,1.0,1.0,1.0,1.0,1.0,1.0,1.0,0.98,1.0,1.0,1.0,1.0,1.0,1.0,1.0,1.0,1.0,0.9733333333333334,1.0,1.0,1.0,1.0,1.0,1.0,1.0,1.0,1.0,1.0,1.0,1.0,1.0,0.02,1.0,1.0,1.0,1.0,1.0,1.0,1.0,1.0,1.0,1.0,1.0,1.0,1.0,1.0,0.98,1.0,0.0,1.0,1.0,1.0,1.0,1.0,1.0,0.18,0.99,1.0,1.0,1.0,1.0,1.0,1.0,0.9,1.0,1.0,1.0,1.0,1.0,0.98,1.0,1.0,1.0,1.0,1.0,1.0,1.0,0.98,1.0,1.0,1.0,1.0,1.0,1.0,0.12,1.0,1.0,1.0,1.0,1.0,1.0,1.0,1.0,1.0,0.0,1.0,1.0,1.0,1.0,1.0,1.0,1.0,1.0,1.0,1.0,1.0,1.0,1.0,1.0,1.0,1.0,0.0,1.0,1.0,0.99,1.0,1.0,1.0,0.8,1.0,1.0,1.0,1.0,1.0,0.99,1.0,1.0,1.0,0.9,0.82,1.0,1.0,1.0,1.0,0.9,1.0,1.0,1.0,1.0,1.0,0.99,1.0,1.0,1.0,0.34,1.0,0.99,0.0,1.0,1.0,1.0,1.0,1.0,1.0,1.0
0.08,0.98,1.0,1.0,1.0,1.0,1.0,1.0,1.0,0.98,1.0,1.0,1.0,1.0,0.86,1.0,1.0,1.0,1.0,1.0,1.0,1.0,0.98,0.98,1.0,1.0,1.0,1.0,1.0,0.9666666666666667,1.0,0.68,0.4,1.0,1.0,1.0,0.86,0.9666666666666667,0.98,1.0,1.0,1.0,1.0,1.0,0.94,1.0,0.98,1.0,1.0,0.92,1.0,0.58,0.98,0.98,1.0,1.0,1.0,1.0,1.0,1.0,1.0,0.98,1.0,1.0,0.8,0.86,1.0,0.64,0.72,1.0,1.0,1.0,0.86,1.0,1.0,1.0,0.86,1.0,1.0,1.0,0.86,1.0,1.0,0.46,1.0,1.0,1.0,1.0,1.0,1.0,1.0,1.0,1.0,1.0,1.0,1.0,1.0,1.0,1.0,1.0,1.0,0.86,1.0,1.0,1.0,1.0,0.96,1.0,0.98,1.0,0.86,0.03333333333333333,1.0,1.0,1.0,1.0,0.9666666666666667,0.62,0.61,1.0,1.0,0.86,1.0,0.98,0.98,0.86,0.78,0.98,1.0,1.0,0.86,1.0,0.86,1.0,1.0,1.0,0.86,1.0,0.98,0.46,0.3,1.0,1.0,0.98,1.0,1.0,0.9666666666666667,0.26,0.86,0.44,1.0,0.52,1.0,1.0,1.0,0.68,1.0,0.58,0.9266666666666667,1.0,0.98,1.0,1.0,1.0,1.0,1.0,1.0,1.0,0.69,0.98,1.0,1.0,1.0,1.0,1.0,1.0,1.0,0.44,1.0,0.69,1.0,1.0,1.0,0.98,0.86,1.0,1.0,1.0,1.0,1.0,1.0,0.98,1.0,1.0,0.9266666666666667,1.0,0.86,1.0,1.0,1.0,0.98,1.0,1.0,0.86,1.0,1.0,1.0,1.0,0.76,1.0,0.98,0.9666666666666667,1.0,1.0,1.0,1.0,1.0,1.0,1.0,1.0,1.0,1.0,1.0,1.0,1.0,1.0,1.0,0.86,0.98,1.0,1.0,0.98,1.0,1.0,0.98,1.0,1.0,1.0,0.98,1.0,1.0,1.0,1.0,1.0,1.0,0.98,0.86,1.0,0.98,1.0,1.0,0.7,1.0,0.86,1.0,1.0,0.5,1.0,1.0,1.0,1.0,0.98,0.58,1.0,1.0,0.98,1.0,1.0,0.86,1.0,1.0,1.0,1.0,0.9666666666666667,0.72,0.98,1.0,0.86,0.98,1.0,0.54,1.0,1.0,0.98,1.0,1.0,1.0,1.0,0.46,1.0,1.0,0.48,1.0,1.0,1.0,1.0,0.98,0.86,0.86,1.0,1.0,0.4,1.0,1.0,1.0,1.0,1.0,1.0,1.0,1.0,0.68,1.0,0.98,1.0,0.98,1.0,1.0,1.0,1.0,1.0,0.86,1.0,0.86,1.0,0.86,1.0,1.0,0.62,1.0,1.0,1.0,1.0,1.0,0.92,1.0,1.0,1.0,1.0,1.0,1.0,1.0,0.86,0.98,1.0,0.86,1.0,1.0,1.0,1.0,1.0,1.0,1.0,1.0,1.0,1.0,1.0,1.0,1.0,1.0,0.86,0.32,0.46,0.98,0.86,1.0,1.0,0.98,0.54,0.53,0.44,1.0,1.0,1.0,0.98,1.0,1.0,1.0,0.86,1.0,0.98,1.0,1.0,0.98,0.98,1.0,1.0,1.0,0.98,0.92,1.0,1.0,1.0,1.0,0.5,0.86,1.0,0.86,1.0,1.0,1.0,0.28,1.0,0.98,0.98,0.14,1.0,1.0,0.98,1.0,0.98,1.0,0.94,1.0,1.0,0.98,1.0,1.0,1.0,1.0,1.0,1.0,1.0,0.96,1.0,1.0,1.0,0.98,1.0,0.68,1.0,1.0,0.98,1.0,0.67,0.86,1.0,1.0,0.92,1.0,1.0,1.0,1.0,0.98,0.38,1.0,1.0,1.0,1.0,1.0,1.0,1.0,0.86,0.86,1.0,1.0,1.0,0.86,0.9666666666666667,0.98,1.0,0.86,1.0,0.98,0.54,0.86,0.86,0.58,1.0,1.0,1.0,1.0,1.0,1.0,1.0,1.0,1.0,1.0,1.0,0.98,0.58,0.86,0.86,1.0,0.86,1.0,1.0,1.0,0.92,1.0,0.96,1.0,1.0,0.98,0.86,1.0,0.86,1.0,1.0,1.0,1.0,0.98,1.0,1.0,0.86,1.0,1.0,1.0,1.0,0.86,1.0,0.98,1.0,0.98,0.9666666666666667,1.0,1.0,1.0,0.94,1.0,0.42,1.0,1.0,1.0,1.0,0.98,1.0,1.0,1.0,1.0,0.98,0.86,1.0,1.0,0.98,1.0,1.0,0.44,1.0,0.86,1.0,0.86,1.0,1.0,0.54,0.9666666666666667,1.0,1.0,0.56,0.86,0.86,1.0,0.62,1.0,1.0,0.98,0.96,0.98,1.0,1.0,1.0,0.9666666666666667,0.86,1.0,1.0,1.0,1.0,0.92,0.98,0.98,1.0,0.86,0.86,0.54,0.68,1.0,1.0,0.86,0.98,1.0,1.0,1.0,1.0,0.46,0.98,1.0,1.0,1.0,1.0,1.0,1.0,0.86,1.0,0.31,0.98,1.0,1.0,1.0,1.0,0.86,0.5,1.0,1.0,1.0,1.0,1.0,1.0,0.44,1.0,0.86,0.86,1.0,1.0,0.9666666666666667,1.0,1.0,1.0,0.72,0.64,1.0,1.0,0.86,1.0,0.9,1.0,0.9666666666666667,1.0,1.0,1.0,1.0,0.9666666666666667,0.98,0.98,0.38,0.98,0.9666666666666667,0.69,1.0,0.98,1.0,1.0,0.86,1.0,1.0
0.0,1.0,1.0,1.0,1.0,1.0,1.0,1.0,1.0,1.0,1.0,1.0,0.98,0.98,1.0,1.0,0.98,1.0,1.0,1.0,1.0,1.0,1.0,1.0,1.0,1.0,1.0,0.98,1.0,1.0,1.0,0.82,0.58,1.0,1.0,1.0,1.0,1.0,1.0,1.0,0.98,1.0,1.0,1.0,1.0,1.0,1.0,1.0,1.0,1.0,1.0,0.76,1.0,1.0,1.0,1.0,1.0,1.0,1.0,1.0,1.0,1.0,0.98,1.0,0.8,0.94,1.0,0.76,0.58,0.98,0.96,1.0,0.94,1.0,1.0,1.0,1.0,1.0,1.0,1.0,1.0,0.98,1.0,0.62,1.0,1.0,1.0,0.98,1.0,1.0,1.0,1.0,1.0,1.0,1.0,1.0,1.0,0.98,1.0,1.0,1.0,1.0,1.0,1.0,1.0,1.0,0.98,1.0,1.0,1.0,1.0,0.07333333333333333,0.98,0.98,1.0,1.0,0.9866666666666667,0.4,0.42,0.98,1.0,0.98,0.98,1.0,1.0,0.94,0.82,0.96,1.0,1.0,0.94,1.0,0.94,1.0,1.0,0.98,1.0,1.0,1.0,0.32,0.0,1.0,1.0,1.0,0.98,1.0,1.0,0.6,0.94,0.6,1.0,0.74,1.0,1.0,0.9366666666666668,0.86,1.0,0.84,1.0,1.0,1.0,1.0,1.0,1.0,1.0,1.0,1.0,1.0,0.5233333333333333,1.0,1.0,1.0,1.0,1.0,1.0,1.0,1.0,0.76,1.0,0.44,1.0,0.98,1.0,1.0,0.9,1.0,1.0,1.0,1.0,1.0,1.0,1.0,1.0,1.0,0.9266666666666667,1.0,0.94,1.0,0.98,1.0,1.0,1.0,1.0,1.0,1.0,1.0,1.0,1.0,0.72,1.0,1.0,1.0,1.0,1.0,1.0,1.0,1.0,1.0,1.0,1.0,0.98,0.98,1.0,1.0,0.98,1.0,0.9866666666666667,1.0,1.0,0.98,1.0,1.0,1.0,1.0,1.0,0.98,1.0,1.0,1.0,1.0,0.98,1.0,1.0,0.9566666666666667,1.0,1.0,1.0,1.0,1.0,1.0,1.0,0.76,1.0,0.96,1.0,1.0,0.56,1.0,1.0,1.0,0.98,1.0,0.74,1.0,0.98,1.0,1.0,1.0,0.98,1.0,1.0,1.0,1.0,0.9266666666666667,0.58,1.0,1.0,1.0,1.0,1.0,0.32,1.0,0.98,1.0,0.98,1.0,1.0,0.94,0.46,1.0,1.0,0.26,1.0,1.0,1.0,1.0,1.0,1.0,1.0,1.0,1.0,0.08,1.0,0.98,1.0,1.0,1.0,1.0,1.0,1.0,0.74,1.0,1.0,1.0,1.0,1.0,1.0,1.0,1.0,0.96,1.0,1.0,0.94,1.0,0.94,1.0,1.0,0.58,1.0,1.0,1.0,1.0,1.0,1.0,1.0,1.0,1.0,1.0,1.0,1.0,1.0,0.94,1.0,1.0,1.0,1.0,1.0,1.0,1.0,1.0,1.0,0.98,1.0,0.98,1.0,1.0,1.0,1.0,1.0,0.92,0.56,0.56,1.0,0.92,1.0,1.0,1.0,0.54,0.48,0.78,1.0,1.0,1.0,1.0,1.0,1.0,1.0,0.94,1.0,1.0,1.0,1.0,1.0,1.0,1.0,1.0,1.0,0.97,0.96,1.0,0.98,1.0,0.98,0.74,1.0,1.0,0.94,1.0,1.0,1.0,0.72,1.0,1.0,1.0,0.0,1.0,1.0,1.0,1.0,1.0,1.0,1.0,1.0,1.0,1.0,1.0,1.0,1.0,1.0,1.0,0.98,1.0,1.0,0.98,0.98,1.0,1.0,1.0,0.68,1.0,0.98,1.0,1.0,0.56,1.0,0.98,1.0,1.0,1.0,1.0,1.0,1.0,1.0,0.34,1.0,1.0,1.0,1.0,1.0,1.0,1.0,1.0,1.0,0.98,0.98,1.0,0.98,0.98,1.0,0.98,0.94,1.0,1.0,0.54,0.98,0.98,0.68,1.0,1.0,1.0,1.0,0.96,1.0,1.0,0.98,1.0,1.0,1.0,0.98,0.42,0.94,1.0,0.98,0.94,1.0,1.0,1.0,1.0,1.0,0.98,1.0,1.0,1.0,0.92,1.0,1.0,1.0,1.0,1.0,1.0,1.0,0.98,1.0,0.94,1.0,1.0,1.0,1.0,0.94,0.96,1.0,1.0,1.0,0.97,1.0,0.98,1.0,1.0,1.0,0.58,1.0,1.0,1.0,1.0,1.0,1.0,1.0,1.0,1.0,1.0,0.94,1.0,1.0,1.0,1.0,1.0,0.44,1.0,0.94,1.0,0.98,1.0,1.0,0.66,1.0,1.0,1.0,0.66,1.0,0.94,1.0,0.66,1.0,1.0,1.0,1.0,1.0,1.0,0.98,0.98,1.0,0.94,1.0,1.0,1.0,1.0,1.0,1.0,1.0,1.0,1.0,1.0,0.58,0.76,1.0,0.98,0.94,1.0,1.0,1.0,1.0,1.0,0.7,1.0,0.98,0.98,1.0,1.0,1.0,1.0,0.94,1.0,0.47666666666666674,1.0,0.98,1.0,1.0,1.0,1.0,0.76,0.96,1.0,1.0,1.0,0.98,1.0,0.32,1.0,0.94,0.98,0.96,1.0,1.0,1.0,0.96,1.0,0.76,0.68,1.0,1.0,1.0,1.0,1.0,0.98,1.0,0.98,1.0,1.0,1.0,0.99,1.0,1.0,0.46,1.0,0.97,0.38,0.98,1.0,1.0,1.0,1.0,1.0,1.0
0.1,0.98,0.98,0.98,1.0,1.0,0.98,1.0,0.98,0.98,0.98,0.98,0.98,0.98,0.76,1.0,0.98,1.0,1.0,1.0,0.94,1.0,1.0,0.98,0.98,1.0,0.98,1.0,0.98,0.94,1.0,0.76,0.5,0.96,1.0,0.98,0.76,0.94,0.98,1.0,1.0,0.98,1.0,0.98,1.0,1.0,0.98,0.98,0.98,0.98,0.98,0.78,0.98,0.98,1.0,1.0,1.0,0.9,1.0,1.0,1.0,0.98,0.98,0.92,0.7,0.76,0.98,0.86,0.62,0.98,1.0,0.98,0.84,1.0,1.0,1.0,0.9,1.0,0.98,0.98,0.9,0.98,1.0,0.56,1.0,0.98,0.98,0.98,1.0,1.0,0.9,1.0,1.0,1.0,1.0,1.0,0.98,0.98,0.9,0.98,0.98,0.78,1.0,0.9,0.94,1.0,1.0,1.0,1.0,1.0,0.88,0.03,0.98,0.98,0.98,1.0,1.0,0.54,0.44,0.98,1.0,0.72,1.0,0.98,0.98,0.84,0.74,0.98,0.98,0.98,0.84,0.98,0.84,1.0,0.98,1.0,0.76,0.98,1.0,0.26,0.4,0.98,1.0,0.94,0.98,1.0,1.0,0.52,0.84,0.74,0.98,0.76,0.92,1.0,0.98,0.64,1.0,0.8,1.0,0.98,1.0,1.0,1.0,0.98,1.0,0.98,0.98,0.9,0.6133333333333334,0.98,1.0,1.0,1.0,1.0,1.0,1.0,0.98,0.84,1.0,0.48,1.0,0.98,1.0,1.0,0.72,1.0,1.0,1.0,1.0,1.0,0.98,0.98,0.98,1.0,0.98,1.0,0.84,0.92,0.98,1.0,0.98,1.0,0.98,0.76,1.0,1.0,0.98,0.98,0.64,1.0,0.98,1.0,0.98,0.98,0.98,0.98,1.0,1.0,0.94,1.0,0.98,0.98,1.0,1.0,0.98,1.0,1.0,0.9,0.98,0.98,1.0,1.0,0.98,1.0,0.98,0.98,1.0,1.0,0.98,0.98,0.98,1.0,1.0,0.99,1.0,0.98,0.88,0.92,1.0,1.0,1.0,0.74,0.98,0.86,1.0,1.0,0.36,0.98,1.0,1.0,0.98,0.98,0.74,1.0,0.92,1.0,0.98,0.98,0.88,1.0,1.0,1.0,1.0,0.97,0.62,1.0,1.0,0.88,0.98,1.0,0.44,0.98,0.98,0.98,0.98,0.92,1.0,0.98,0.28,1.0,0.98,0.2,0.98,0.92,1.0,1.0,0.98,0.9,0.9,0.98,0.98,0.5,1.0,0.98,1.0,0.94,1.0,0.98,1.0,0.9,0.46,0.98,1.0,0.98,0.98,1.0,0.98,1.0,0.9,0.98,0.78,0.98,0.84,1.0,0.76,1.0,1.0,0.52,0.98,0.94,0.92,0.98,0.98,0.9,1.0,1.0,1.0,1.0,1.0,1.0,0.98,0.84,0.98,0.98,0.86,1.0,1.0,0.98,0.98,0.98,1.0,0.98,1.0,0.98,1.0,1.0,0.98,0.98,0.98,0.84,0.6,0.44,0.94,0.76,0.98,1.0,0.98,0.72,0.56,0.78,1.0,1.0,0.98,0.98,0.98,0.98,1.0,0.84,0.98,0.98,1.0,1.0,1.0,0.98,0.98,0.98,0.98,1.0,0.98,0.98,0.98,0.98,0.98,0.8,0.78,1.0,0.84,0.98,1.0,0.98,0.86,1.0,0.98,0.98,0.24,0.98,1.0,0.98,1.0,1.0,1.0,0.92,1.0,1.0,0.98,0.9,1.0,0.98,0.98,0.98,0.98,0.98,0.98,0.98,0.98,1.0,0.98,0.94,0.74,1.0,0.98,1.0,1.0,0.58,0.9,1.0,0.9,1.0,1.0,1.0,1.0,0.98,0.98,0.46,1.0,1.0,1.0,1.0,1.0,0.98,0.92,0.76,0.76,0.98,0.88,0.94,0.88,0.92,0.98,0.98,0.84,1.0,0.98,0.72,0.88,0.88,0.7,1.0,1.0,0.98,0.98,1.0,0.98,1.0,0.98,0.98,1.0,0.9,0.98,0.38,0.84,0.78,0.98,0.78,1.0,0.98,0.9,0.96,1.0,0.98,0.98,1.0,0.98,0.84,1.0,0.78,1.0,0.92,1.0,1.0,0.98,0.98,1.0,0.84,1.0,0.98,0.98,0.9,0.84,0.96,1.0,0.9,0.98,0.98,0.98,1.0,0.98,1.0,0.98,0.62,1.0,1.0,0.98,0.98,0.98,1.0,1.0,0.96,0.98,0.98,0.84,1.0,1.0,0.98,0.9,1.0,0.68,0.98,0.84,0.98,0.88,0.98,1.0,0.64,1.0,0.98,1.0,0.62,0.78,0.84,1.0,0.54,1.0,0.98,0.98,0.92,0.98,0.98,0.98,0.88,1.0,0.84,0.94,1.0,1.0,0.98,0.98,0.98,0.98,0.98,0.76,0.78,0.66,0.52,0.98,0.98,0.84,0.98,0.9,1.0,0.92,1.0,0.68,0.98,0.98,0.98,1.0,0.98,0.98,0.98,0.84,0.98,0.3866666666666667,0.98,0.98,0.98,1.0,0.98,0.9,0.74,0.98,0.9,0.98,1.0,0.98,1.0,0.3,0.98,0.84,0.88,0.98,1.0,1.0,0.98,0.96,1.0,0.54,0.56,1.0,0.98,0.9,1.0,0.9,0.98,0.94,0.98,0.98,1.0,0.98,1.0,0.98,1.0,0.5,0.98,0.98,0.46,0.98,1.0,1.0,1.0,0.9,0.98,1.0
0.06,0.94,0.96,0.96,1.0,1.0,0.96,1.0,0.96,0.94,1.0,0.98,0.98,0.98,0.88,1.0,0.98,1.0,1.0,1.0,1.0,1.0,1.0,0.94,0.96,0.98,0.96,1.0,0.96,0.98,1.0,0.58,0.46,1.0,1.0,1.0,0.88,1.0,0.94,1.0,0.98,0.98,1.0,0.98,1.0,1.0,0.94,1.0,1.0,0.94,0.98,0.56,0.94,0.94,1.0,1.0,1.0,0.92,1.0,1.0,1.0,0.96,0.98,0.96,0.94,0.88,0.96,0.6933333333333335,0.62,0.98,0.98,1.0,0.98,1.0,0.98,1.0,0.98,1.0,1.0,0.96,0.98,0.98,1.0,0.44,1.0,0.96,0.96,0.98,0.98,1.0,0.94,1.0,1.0,1.0,1.0,1.0,0.94,0.98,0.94,0.98,0.98,0.94,1.0,0.96,1.0,1.0,1.0,1.0,1.0,1.0,0.94,0.0,0.98,0.98,1.0,1.0,1.0,0.24,0.4,0.98,0.98,0.8,1.0,0.94,0.94,0.98,0.72,0.98,0.98,0.98,0.98,0.98,0.98,1.0,0.98,0.98,0.88,0.96,1.0,0.32,0.16,1.0,1.0,1.0,0.98,1.0,0.98,0.2,0.98,0.68,0.96,0.6933333333333335,0.96,1.0,1.0,0.6,1.0,0.7133333333333334,1.0,1.0,1.0,1.0,1.0,0.98,1.0,0.96,0.98,0.94,0.5033333333333334,0.94,1.0,1.0,1.0,1.0,1.0,1.0,1.0,0.66,1.0,0.4,0.98,0.98,1.0,1.0,0.88,0.98,1.0,1.0,1.0,0.98,0.96,0.94,0.98,1.0,1.0,1.0,0.98,0.98,0.98,1.0,0.94,1.0,0.98,0.88,1.0,1.0,1.0,1.0,0.76,1.0,0.94,1.0,0.96,0.96,0.96,0.98,1.0,1.0,0.98,1.0,0.98,0.98,1.0,1.0,1.0,1.0,1.0,1.0,0.94,0.98,1.0,1.0,0.96,0.98,0.92,0.98,1.0,1.0,0.94,0.96,0.98,0.98,1.0,1.0,1.0,0.94,0.94,0.98,1.0,0.98,1.0,0.7,1.0,0.98,1.0,1.0,0.5,0.98,1.0,1.0,0.98,0.94,0.52,1.0,0.94,1.0,0.98,0.98,1.0,1.0,1.0,1.0,1.0,1.0,0.62,1.0,1.0,0.94,0.96,1.0,0.36,0.96,0.98,0.94,0.96,0.96,1.0,0.98,0.3066666666666667,1.0,1.0,0.3066666666666667,0.98,0.96,1.0,1.0,0.94,0.98,0.98,0.96,0.98,0.22,1.0,0.98,1.0,1.0,1.0,0.96,1.0,0.92,0.74,0.98,1.0,0.98,0.94,1.0,0.98,1.0,0.94,0.98,0.94,0.96,0.98,1.0,0.88,1.0,1.0,0.72,1.0,0.98,0.96,0.96,0.98,0.98,1.0,1.0,1.0,1.0,1.0,1.0,1.0,0.98,0.94,0.98,0.94,0.98,0.98,1.0,0.96,0.96,1.0,0.98,1.0,0.96,1.0,1.0,1.0,0.98,0.98,0.96,0.54,0.6,1.0,0.94,1.0,1.0,0.94,0.6933333333333335,0.48,0.64,1.0,1.0,0.98,0.94,0.98,0.96,1.0,0.98,0.96,0.94,1.0,1.0,1.0,0.94,0.98,0.98,0.96,1.0,0.98,0.96,0.92,0.98,0.98,0.6933333333333335,0.94,1.0,0.98,1.0,0.98,0.96,0.68,1.0,0.94,0.94,0.12,1.0,1.0,0.94,1.0,1.0,0.98,0.9,1.0,1.0,0.94,0.92,1.0,0.96,1.0,0.98,0.98,0.98,0.98,0.98,0.98,0.98,0.94,0.98,0.7,1.0,0.98,1.0,1.0,0.5,1.0,0.98,0.9,1.0,1.0,1.0,1.0,0.96,0.94,0.4,1.0,1.0,1.0,1.0,0.98,0.96,0.96,0.88,0.88,0.94,0.86,1.0,1.0,0.96,0.94,0.98,0.98,1.0,0.94,0.6933333333333335,1.0,1.0,0.42,0.98,1.0,0.96,0.96,0.98,1.0,1.0,0.98,1.0,1.0,0.92,1.0,0.38,0.98,0.94,0.98,0.94,1.0,0.98,0.94,0.92,1.0,0.98,0.98,1.0,0.92,0.96,1.0,0.94,1.0,0.98,0.98,1.0,0.94,0.98,1.0,0.98,1.0,1.0,0.96,0.94,0.98,0.98,1.0,0.94,0.94,1.0,0.96,0.98,1.0,1.0,0.96,0.62,1.0,1.0,0.96,1.0,0.94,1.0,1.0,1.0,0.96,0.94,0.98,1.0,1.0,0.94,0.94,1.0,0.4,0.96,0.98,0.98,1.0,0.96,0.98,0.36,0.98,0.98,1.0,0.66,0.94,0.98,1.0,0.6,1.0,0.98,0.94,0.96,0.94,1.0,0.98,0.88,1.0,0.98,0.98,1.0,1.0,1.0,0.94,0.94,0.94,0.98,0.88,0.94,0.68,0.4,1.0,0.98,0.98,0.94,0.94,1.0,0.96,1.0,0.6,0.94,0.98,0.98,1.0,0.98,0.96,0.98,0.98,0.96,0.4966666666666667,0.94,0.98,0.96,1.0,0.96,0.98,0.7,0.98,0.96,1.0,1.0,0.98,1.0,0.58,0.98,0.98,1.0,0.98,1.0,1.0,0.96,0.98,1.0,0.66,0.64,1.0,0.98,0.98,1.0,0.9,0.98,0.98,0.98,0.96,1.0,1.0,1.0,0.96,1.0,0.28,0.94,1.0,0.38,0.98,1.0,1.0,1.0,0.98,0.96,1.0
0.0,1.0,1.0,1.0,1.0,1.0,1.0,1.0,1.0,1.0,1.0,1.0,1.0,1.0,1.0,1.0,1.0,1.0,1.0,1.0,1.0,1.0,1.0,1.0,1.0,1.0,1.0,1.0,1.0,1.0,1.0,0.28,0.0,1.0,1.0,1.0,1.0,1.0,1.0,1.0,1.0,1.0,1.0,1.0,1.0,1.0,1.0,1.0,1.0,1.0,1.0,0.28,1.0,1.0,1.0,1.0,1.0,1.0,1.0,1.0,1.0,1.0,1.0,1.0,0.8,1.0,1.0,0.0,0.0,1.0,1.0,1.0,1.0,1.0,1.0,1.0,1.0,1.0,1.0,1.0,1.0,1.0,1.0,0.0,1.0,1.0,1.0,1.0,1.0,1.0,1.0,1.0,1.0,1.0,1.0,1.0,1.0,1.0,1.0,1.0,1.0,1.0,1.0,1.0,1.0,1.0,1.0,1.0,1.0,1.0,1.0,0.0,1.0,1.0,1.0,1.0,1.0,0.2,0.0,1.0,1.0,1.0,1.0,1.0,1.0,1.0,1.0,1.0,1.0,1.0,1.0,1.0,1.0,1.0,1.0,1.0,1.0,1.0,1.0,1.0,0.0,1.0,1.0,1.0,1.0,1.0,1.0,0.0,1.0,0.26,1.0,0.0,1.0,1.0,1.0,1.0,1.0,0.0,1.0,1.0,1.0,1.0,1.0,1.0,1.0,1.0,1.0,1.0,0.0,1.0,1.0,1.0,1.0,1.0,1.0,1.0,1.0,0.2,1.0,0.0,1.0,1.0,1.0,1.0,1.0,1.0,1.0,1.0,1.0,1.0,1.0,1.0,1.0,1.0,1.0,1.0,1.0,1.0,1.0,1.0,1.0,1.0,1.0,1.0,1.0,1.0,1.0,1.0,1.0,1.0,1.0,1.0,1.0,1.0,1.0,1.0,1.0,1.0,1.0,1.0,1.0,1.0,1.0,1.0,1.0,1.0,1.0,1.0,1.0,1.0,1.0,1.0,1.0,1.0,1.0,1.0,1.0,1.0,1.0,1.0,1.0,1.0,1.0,1.0,1.0,1.0,1.0,1.0,1.0,1.0,1.0,0.0,1.0,1.0,1.0,1.0,0.78,1.0,1.0,1.0,1.0,1.0,0.2,1.0,1.0,1.0,1.0,1.0,1.0,1.0,1.0,1.0,1.0,1.0,0.0,1.0,1.0,1.0,1.0,1.0,0.2,1.0,1.0,1.0,1.0,1.0,1.0,1.0,0.74,1.0,1.0,1.0,1.0,1.0,1.0,1.0,1.0,1.0,1.0,1.0,1.0,0.0,1.0,1.0,1.0,1.0,1.0,1.0,1.0,1.0,1.0,1.0,1.0,1.0,1.0,1.0,1.0,1.0,1.0,1.0,1.0,1.0,1.0,1.0,1.0,1.0,1.0,0.8,1.0,1.0,1.0,1.0,1.0,1.0,1.0,1.0,1.0,1.0,1.0,1.0,1.0,1.0,1.0,1.0,1.0,1.0,1.0,1.0,1.0,1.0,1.0,1.0,1.0,1.0,1.0,1.0,1.0,1.0,1.0,1.0,0.0,0.8,1.0,1.0,1.0,1.0,1.0,0.26,0.0,0.2,1.0,1.0,1.0,1.0,1.0,1.0,1.0,1.0,1.0,1.0,1.0,1.0,1.0,1.0,1.0,1.0,1.0,1.0,1.0,1.0,1.0,1.0,1.0,0.0,1.0,1.0,1.0,1.0,1.0,1.0,0.2,1.0,1.0,1.0,0.0,1.0,1.0,1.0,1.0,1.0,1.0,1.0,1.0,1.0,1.0,1.0,1.0,1.0,1.0,1.0,1.0,1.0,1.0,1.0,1.0,1.0,1.0,1.0,0.26,1.0,1.0,1.0,1.0,0.0,1.0,1.0,1.0,1.0,1.0,1.0,1.0,1.0,1.0,0.2,1.0,1.0,1.0,1.0,1.0,1.0,1.0,1.0,1.0,1.0,1.0,1.0,1.0,1.0,1.0,1.0,1.0,1.0,1.0,0.26,1.0,1.0,0.2,1.0,1.0,1.0,1.0,1.0,1.0,1.0,1.0,1.0,1.0,1.0,1.0,1.0,1.0,1.0,1.0,1.0,1.0,1.0,1.0,1.0,1.0,1.0,1.0,1.0,1.0,1.0,1.0,1.0,1.0,1.0,1.0,1.0,1.0,1.0,1.0,1.0,1.0,1.0,1.0,1.0,1.0,1.0,1.0,1.0,1.0,1.0,1.0,1.0,1.0,1.0,1.0,0.0,1.0,1.0,1.0,1.0,1.0,1.0,1.0,1.0,1.0,1.0,1.0,1.0,1.0,1.0,1.0,1.0,0.0,1.0,1.0,1.0,1.0,1.0,1.0,0.22,1.0,1.0,1.0,1.0,1.0,1.0,1.0,0.8,1.0,1.0,1.0,1.0,1.0,1.0,1.0,1.0,1.0,1.0,1.0,1.0,1.0,1.0,1.0,1.0,1.0,1.0,1.0,1.0,0.2,1.0,1.0,1.0,1.0,1.0,1.0,1.0,1.0,1.0,0.0,1.0,1.0,1.0,1.0,1.0,1.0,1.0,1.0,1.0,1.0,1.0,1.0,1.0,1.0,1.0,1.0,0.0,1.0,1.0,1.0,1.0,1.0,1.0,0.8,1.0,1.0,1.0,1.0,1.0,1.0,1.0,1.0,1.0,0.8,0.8,1.0,1.0,1.0,1.0,1.0,1.0,1.0,1.0,1.0,1.0,1.0,1.0,1.0,1.0,0.2,1.0,1.0,0.0,1.0,1.0,1.0,1.0,1.0,1.0,1.0
0.34,1.0,1.0,1.0,1.0,1.0,1.0,1.0,1.0,1.0,1.0,1.0,1.0,1.0,0.98,1.0,1.0,1.0,1.0,1.0,1.0,1.0,1.0,0.84,1.0,0.98,1.0,1.0,1.0,0.98,1.0,0.8,0.48,0.96,1.0,1.0,0.98,1.0,1.0,1.0,0.98,1.0,1.0,1.0,0.94,1.0,1.0,1.0,1.0,0.98,1.0,0.74,1.0,1.0,1.0,1.0,1.0,0.98,1.0,1.0,1.0,0.96,1.0,1.0,0.84,0.94,1.0,0.78,0.5,1.0,0.98,1.0,1.0,1.0,0.98,1.0,1.0,1.0,1.0,1.0,1.0,1.0,1.0,0.52,1.0,1.0,1.0,1.0,1.0,1.0,0.98,1.0,1.0,1.0,1.0,1.0,1.0,1.0,0.98,1.0,1.0,1.0,1.0,1.0,1.0,1.0,1.0,1.0,1.0,1.0,0.98,0.005,1.0,1.0,1.0,1.0,1.0,0.78,0.6,1.0,0.98,0.94,1.0,1.0,1.0,1.0,0.46,0.96,1.0,1.0,1.0,1.0,1.0,1.0,1.0,1.0,0.98,1.0,1.0,0.5,0.16,1.0,1.0,0.86,1.0,1.0,0.98,0.18,1.0,0.86,1.0,0.68,1.0,1.0,0.96,0.72,1.0,0.7,0.8,1.0,1.0,1.0,1.0,1.0,0.995,1.0,1.0,0.98,0.6333333333333333,1.0,1.0,1.0,1.0,1.0,1.0,1.0,1.0,0.58,1.0,0.69,0.98,1.0,1.0,1.0,0.96,0.98,1.0,1.0,1.0,0.98,1.0,1.0,1.0,1.0,0.96,1.0,1.0,1.0,1.0,1.0,1.0,1.0,1.0,0.98,1.0,1.0,1.0,0.96,0.62,1.0,1.0,1.0,1.0,1.0,1.0,1.0,1.0,1.0,1.0,1.0,1.0,1.0,1.0,1.0,1.0,1.0,1.0,1.0,1.0,1.0,1.0,1.0,1.0,0.98,1.0,1.0,1.0,1.0,1.0,1.0,1.0,0.98,1.0,1.0,1.0,1.0,0.98,1.0,1.0,1.0,1.0,0.4,1.0,1.0,1.0,1.0,0.54,1.0,1.0,1.0,1.0,1.0,0.7,1.0,0.94,1.0,1.0,1.0,1.0,1.0,1.0,1.0,1.0,0.995,0.5,1.0,1.0,0.98,0.96,1.0,0.76,1.0,1.0,1.0,0.98,1.0,1.0,1.0,0.34,1.0,1.0,0.6,1.0,1.0,1.0,1.0,1.0,1.0,1.0,1.0,1.0,0.0,1.0,1.0,1.0,1.0,0.995,1.0,1.0,0.98,0.68,1.0,1.0,1.0,1.0,1.0,1.0,1.0,0.98,0.98,1.0,1.0,1.0,1.0,0.94,1.0,1.0,0.54,1.0,0.98,1.0,1.0,1.0,1.0,1.0,1.0,1.0,1.0,1.0,1.0,1.0,1.0,1.0,1.0,1.0,0.98,0.94,1.0,1.0,0.84,1.0,1.0,1.0,0.98,1.0,1.0,1.0,1.0,1.0,1.0,0.58,0.68,1.0,1.0,1.0,1.0,1.0,0.86,0.74,0.8,1.0,1.0,1.0,1.0,1.0,1.0,1.0,1.0,1.0,0.98,1.0,1.0,1.0,1.0,1.0,0.98,1.0,0.98,0.86,1.0,1.0,1.0,1.0,0.72,1.0,1.0,1.0,1.0,0.98,1.0,0.68,1.0,1.0,1.0,0.02,1.0,1.0,1.0,1.0,1.0,0.98,1.0,1.0,1.0,1.0,0.98,1.0,1.0,1.0,1.0,1.0,1.0,0.96,1.0,1.0,0.98,0.84,0.98,0.88,1.0,1.0,1.0,1.0,0.61,1.0,1.0,0.94,0.78,0.98,1.0,1.0,1.0,1.0,0.62,1.0,1.0,1.0,1.0,0.98,0.84,1.0,0.98,0.98,1.0,0.92,1.0,1.0,0.94,1.0,1.0,1.0,1.0,1.0,0.84,1.0,1.0,0.38,0.98,1.0,1.0,1.0,0.98,1.0,1.0,0.995,1.0,1.0,0.98,1.0,0.38,1.0,1.0,1.0,0.98,1.0,1.0,0.98,1.0,1.0,0.94,1.0,1.0,1.0,1.0,1.0,1.0,1.0,1.0,0.98,1.0,1.0,1.0,1.0,1.0,1.0,1.0,1.0,1.0,1.0,1.0,1.0,1.0,1.0,1.0,1.0,1.0,1.0,0.96,1.0,0.74,1.0,1.0,1.0,1.0,1.0,1.0,1.0,1.0,1.0,1.0,1.0,1.0,1.0,1.0,0.92,1.0,0.78,1.0,1.0,1.0,1.0,1.0,1.0,0.68,0.98,1.0,1.0,0.7,1.0,1.0,1.0,0.4,1.0,1.0,1.0,0.84,1.0,1.0,1.0,0.92,1.0,1.0,0.98,1.0,1.0,1.0,0.96,1.0,1.0,1.0,0.98,1.0,0.82,0.52,0.98,0.98,1.0,1.0,0.98,1.0,1.0,1.0,0.64,1.0,1.0,1.0,1.0,1.0,1.0,1.0,1.0,1.0,0.36666666666666664,1.0,1.0,1.0,1.0,1.0,1.0,0.68,1.0,1.0,1.0,1.0,0.98,1.0,0.68,1.0,1.0,1.0,1.0,1.0,1.0,1.0,1.0,1.0,0.82,0.62,1.0,1.0,1.0,1.0,1.0,1.0,0.98,1.0,1.0,1.0,0.98,1.0,0.96,1.0,0.52,1.0,1.0,0.73,1.0,1.0,1.0,1.0,1.0,1.0,1.0
0.08,0.98,0.98,0.98,1.0,1.0,0.98,1.0,0.98,0.98,1.0,0.98,1.0,1.0,0.92,1.0,1.0,1.0,1.0,1.0,0.94,1.0,1.0,0.84,0.98,1.0,0.98,1.0,0.98,0.92,1.0,0.64,0.54,0.98,1.0,0.98,0.9,0.92,0.98,1.0,0.98,0.98,1.0,0.98,1.0,1.0,0.98,1.0,0.98,0.98,0.98,0.5,0.98,0.98,1.0,1.0,1.0,0.92,1.0,1.0,1.0,0.98,1.0,0.94,0.96,0.94,0.98,0.78,0.58,1.0,0.96,0.98,1.0,1.0,1.0,1.0,1.0,1.0,0.98,0.98,1.0,1.0,1.0,0.56,1.0,0.98,0.98,1.0,1.0,1.0,0.92,1.0,1.0,1.0,1.0,1.0,0.98,1.0,0.92,0.98,0.98,0.94,1.0,0.94,0.94,1.0,0.98,1.0,1.0,1.0,1.0,0.0,1.0,0.98,0.98,1.0,1.0,0.48,0.28,1.0,1.0,0.9,1.0,0.98,0.98,1.0,0.6,0.98,0.98,0.98,1.0,0.98,1.0,1.0,0.98,1.0,0.92,0.98,1.0,0.42,0.16,0.98,1.0,0.98,1.0,1.0,1.0,0.24,1.0,0.58,0.98,0.78,0.94,1.0,0.98,0.74,1.0,0.74,1.0,0.98,1.0,1.0,1.0,0.98,1.0,0.98,1.0,0.92,0.62,0.98,1.0,1.0,1.0,1.0,1.0,1.0,0.98,0.6,1.0,0.58,1.0,1.0,1.0,1.0,0.92,1.0,1.0,1.0,1.0,1.0,0.98,0.98,0.98,1.0,0.98,1.0,1.0,0.94,1.0,1.0,0.98,1.0,1.0,0.9,1.0,1.0,0.98,0.98,0.66,1.0,0.98,1.0,0.98,0.98,0.98,0.98,1.0,1.0,0.94,1.0,1.0,1.0,1.0,1.0,1.0,1.0,1.0,1.0,0.98,1.0,1.0,1.0,0.98,1.0,1.0,1.0,1.0,1.0,0.98,0.98,1.0,0.98,1.0,1.0,1.0,0.98,0.98,0.94,1.0,1.0,1.0,0.72,1.0,1.0,1.0,1.0,0.68,0.98,1.0,1.0,1.0,0.98,0.44,1.0,0.92,1.0,1.0,0.98,1.0,1.0,1.0,1.0,1.0,1.0,0.58,1.0,1.0,1.0,0.98,1.0,0.34,0.98,1.0,0.98,0.98,0.94,1.0,1.0,0.32,1.0,0.98,0.28,0.98,0.94,1.0,1.0,0.98,1.0,1.0,0.98,0.98,0.0,1.0,1.0,1.0,0.94,1.0,0.98,1.0,0.92,0.68,0.98,1.0,0.98,0.98,1.0,0.98,1.0,0.92,1.0,0.94,0.98,1.0,1.0,0.94,1.0,1.0,0.58,1.0,0.92,0.94,0.98,0.98,1.0,1.0,1.0,1.0,1.0,1.0,1.0,0.98,1.0,0.98,0.98,1.0,1.0,0.96,1.0,0.98,0.84,1.0,1.0,1.0,0.98,1.0,1.0,0.98,0.98,0.98,1.0,0.52,0.62,0.94,0.94,0.98,1.0,0.98,0.58,0.54,0.74,1.0,1.0,1.0,0.98,0.98,0.98,1.0,1.0,0.98,0.98,1.0,1.0,1.0,0.98,0.98,0.98,0.98,1.0,0.98,0.98,0.98,0.98,1.0,0.76,0.94,1.0,1.0,0.98,1.0,0.98,0.66,1.0,0.98,0.98,0.08,0.98,0.98,0.98,1.0,1.0,1.0,0.98,1.0,1.0,0.98,0.92,1.0,0.98,1.0,0.98,1.0,0.98,0.98,1.0,1.0,1.0,0.84,0.92,0.72,1.0,1.0,1.0,1.0,0.32,1.0,1.0,0.9,1.0,0.98,1.0,1.0,0.98,0.98,0.52,1.0,1.0,1.0,1.0,1.0,0.84,0.94,0.92,0.92,0.98,0.88,0.96,1.0,0.9,0.98,1.0,1.0,1.0,0.98,0.72,1.0,1.0,0.28,1.0,1.0,0.98,0.98,0.98,1.0,1.0,1.0,0.98,1.0,0.92,1.0,0.42,1.0,0.94,1.0,0.96,1.0,0.98,0.92,1.0,1.0,0.98,0.98,1.0,1.0,1.0,1.0,0.92,1.0,0.94,1.0,1.0,0.98,1.0,1.0,1.0,1.0,0.98,0.98,0.96,1.0,0.98,1.0,0.96,0.98,1.0,0.98,1.0,0.98,1.0,0.98,0.72,1.0,1.0,0.98,1.0,0.98,1.0,1.0,0.98,0.98,0.98,1.0,1.0,1.0,0.98,0.9,1.0,0.7,0.98,1.0,0.98,1.0,0.98,1.0,0.42,1.0,1.0,1.0,0.76,0.94,1.0,1.0,0.42,1.0,0.98,0.98,0.9,0.98,0.98,1.0,0.88,1.0,1.0,0.9,1.0,1.0,1.0,0.98,0.98,0.98,0.98,0.92,0.94,0.68,0.58,0.98,0.98,1.0,0.98,0.92,1.0,0.94,1.0,0.58,0.98,1.0,1.0,1.0,0.98,0.98,0.98,1.0,0.98,0.38,0.98,1.0,0.98,1.0,0.98,1.0,0.68,0.98,0.96,0.98,1.0,0.98,1.0,0.66,0.98,1.0,1.0,1.0,1.0,1.0,0.98,0.98,1.0,0.68,0.72,1.0,0.98,1.0,1.0,1.0,1.0,0.92,1.0,0.98,1.0,1.0,1.0,0.98,1.0,0.32,0.98,1.0,0.54,1.0,1.0,1.0,1.0,1.0,0.98,1.0
0.12,1.0,0.98,0.98,1.0,1.0,0.98,1.0,0.98,1.0,1.0,0.98,1.0,1.0,0.68,1.0,1.0,1.0,1.0,1.0,0.96,1.0,1.0,1.0,0.98,0.98,0.98,1.0,0.98,0.92,1.0,0.06,0.12,0.96,1.0,0.98,0.54,0.94,0.98,1.0,0.98,0.98,1.0,0.98,1.0,1.0,1.0,1.0,0.98,1.0,0.98,0.08,1.0,1.0,1.0,1.0,1.0,0.88,1.0,1.0,1.0,0.98,1.0,0.94,0.96,0.68,0.98,0.3,0.02,1.0,0.98,0.98,0.84,1.0,0.98,1.0,0.9,1.0,0.98,0.98,0.82,1.0,1.0,0.08,1.0,0.98,0.98,1.0,0.98,1.0,0.88,1.0,1.0,1.0,1.0,1.0,1.0,1.0,0.88,0.98,0.98,0.82,1.0,0.94,0.96,1.0,0.98,1.0,1.0,1.0,0.68,0.15666666666666665,1.0,0.98,0.98,1.0,1.0,0.12,0.0,1.0,0.98,0.6,1.0,0.98,1.0,0.88,0.84,1.0,0.98,0.98,0.9,0.98,0.84,1.0,0.98,1.0,0.72,0.98,1.0,0.98,0.5,0.98,0.98,0.98,1.0,1.0,0.98,0.64,0.88,0.02,0.98,0.02,0.94,1.0,0.96,1.0,1.0,0.06,1.0,0.98,1.0,1.0,1.0,0.98,1.0,0.98,1.0,0.88,0.32299999999999995,1.0,1.0,1.0,1.0,1.0,1.0,1.0,0.98,0.18,1.0,0.16,0.98,1.0,1.0,1.0,0.72,0.98,1.0,1.0,1.0,0.98,0.98,1.0,0.98,1.0,0.98,1.0,0.9,0.94,1.0,1.0,1.0,1.0,1.0,0.54,1.0,0.985,0.98,0.98,0.9,1.0,1.0,1.0,0.98,0.98,0.98,0.98,1.0,1.0,0.94,1.0,1.0,1.0,1.0,1.0,1.0,0.98,1.0,0.86,1.0,1.0,1.0,1.0,0.98,0.98,1.0,1.0,1.0,1.0,1.0,0.98,1.0,0.98,1.0,1.0,1.0,1.0,0.8516666666666666,0.94,1.0,1.0,1.0,0.02,1.0,0.88,1.0,1.0,0.94,0.98,1.0,1.0,1.0,0.96,0.02,1.0,0.88,1.0,1.0,0.98,0.9,1.0,1.0,1.0,1.0,0.8433333333333334,0.02,1.0,1.0,0.76,0.98,1.0,0.0,0.98,1.0,0.96,0.98,0.94,1.0,0.985,0.98,1.0,0.98,0.98,0.98,0.94,1.0,1.0,0.98,0.82,0.9,0.98,0.98,0.42,1.0,1.0,1.0,0.96,1.0,0.98,1.0,0.88,1.0,0.98,1.0,0.98,1.0,1.0,0.98,1.0,0.88,1.0,0.84,0.98,0.88,1.0,0.68,1.0,1.0,0.88,1.0,0.92,0.94,0.98,0.98,0.92,0.98,1.0,1.0,1.0,1.0,1.0,0.98,0.88,1.0,0.98,0.96,0.98,0.92,1.0,0.98,0.98,1.0,1.0,1.0,0.98,1.0,1.0,0.98,0.98,0.98,0.84,0.095,1.0,0.96,0.82,0.98,1.0,1.0,0.02,0.0,0.14,1.0,1.0,1.0,1.0,0.98,0.98,1.0,0.9,0.98,0.98,1.0,1.0,1.0,1.0,0.98,1.0,0.98,0.975,0.98,0.98,0.98,0.98,1.0,0.02,0.82,1.0,0.88,0.98,0.98,0.98,0.08,1.0,1.0,1.0,0.32299999999999995,0.98,1.0,1.0,1.0,1.0,0.98,0.92,1.0,1.0,1.0,0.88,1.0,0.98,1.0,0.98,1.0,0.98,0.98,1.0,1.0,0.98,1.0,0.92,0.02,1.0,1.0,1.0,1.0,0.0,0.88,1.0,0.82,1.0,1.0,1.0,1.0,0.98,1.0,0.24,1.0,1.0,1.0,1.0,0.98,0.98,0.94,0.677,0.677,0.96,0.8,0.98,0.9,0.9,0.98,1.0,0.9,1.0,1.0,0.02,0.74,0.74,0.0,0.98,1.0,0.98,0.98,0.98,0.96,1.0,1.0,0.98,1.0,0.88,0.98,0.98,0.9,0.84,1.0,0.76,1.0,0.98,0.88,0.94,1.0,0.98,0.98,1.0,1.0,0.84,1.0,0.62,1.0,0.94,0.98,1.0,1.0,1.0,1.0,0.88,1.0,0.98,0.98,0.96,0.9,1.0,1.0,0.96,1.0,1.0,0.98,1.0,0.98,1.0,0.98,0.02,1.0,1.0,0.98,1.0,1.0,1.0,1.0,0.98,0.98,1.0,0.9,1.0,1.0,1.0,0.86,1.0,0.12,0.98,0.88,0.98,0.84,0.98,1.0,0.0,0.98,1.0,1.0,1.0,0.82,0.9,1.0,0.84,1.0,0.98,1.0,0.96,1.0,0.98,1.0,0.8,1.0,0.84,0.9,1.0,1.0,1.0,1.0,1.0,1.0,0.98,0.72,0.76,0.06,0.98,0.98,0.98,0.9,1.0,0.88,1.0,0.94,1.0,0.04,1.0,1.0,1.0,1.0,0.98,0.98,0.98,0.88,0.98,0.677,1.0,1.0,0.98,1.0,0.98,0.82,0.02,1.0,0.96,0.98,1.0,1.0,1.0,1.0,0.98,0.84,0.9,1.0,1.0,1.0,0.98,1.0,1.0,1.0,1.0,1.0,0.98,0.9,1.0,0.9,1.0,0.92,1.0,0.98,1.0,1.0,1.0,0.98,1.0,0.16,1.0,0.98,0.12,1.0,0.98,1.0,1.0,0.9,0.98,1.0
0.32,0.96,0.98,0.98,1.0,1.0,0.98,1.0,0.98,0.96,0.98,0.98,0.98,0.98,0.58,1.0,0.98,1.0,1.0,1.0,0.94,1.0,0.98,0.96,0.98,1.0,0.98,1.0,0.98,0.92,1.0,0.04,0.1,1.0,1.0,0.98,0.58,0.94,0.96,1.0,1.0,0.98,1.0,0.98,0.98,1.0,0.96,0.98,0.98,0.94,0.98,0.04,0.96,0.96,1.0,1.0,1.0,0.86,1.0,1.0,1.0,0.96,0.98,0.9,0.92,0.58,0.98,0.02,0.18,0.98,1.0,0.98,0.76,0.94,1.0,1.0,0.74,1.0,0.98,0.98,0.74,0.98,1.0,0.04,1.0,0.98,0.98,0.98,0.98,1.0,0.88,1.0,1.0,1.0,1.0,1.0,1.0,0.98,0.88,0.98,0.98,0.64,1.0,0.94,0.94,1.0,1.0,1.0,0.98,1.0,0.72,0.01,0.98,0.98,0.98,1.0,1.0,0.28,0.08,0.98,1.0,0.42,1.0,0.96,0.96,0.76,0.76,0.92,0.98,0.98,0.76,0.98,0.76,1.0,0.98,1.0,0.58,0.98,0.98,0.94,0.02,0.98,1.0,0.92,0.98,1.0,1.0,0.58,0.76,0.02,0.98,0.04,0.9,1.0,0.98,1.0,1.0,0.02,0.86,0.98,0.98,1.0,1.0,0.98,1.0,0.98,0.98,0.88,0.4,0.96,1.0,1.0,0.98,1.0,1.0,1.0,0.98,0.2,1.0,0.32,1.0,0.98,1.0,0.98,0.58,1.0,1.0,1.0,1.0,1.0,0.98,0.96,0.98,1.0,0.89,1.0,0.76,0.92,0.98,1.0,0.96,1.0,0.98,0.58,1.0,1.0,0.98,1.0,0.74,1.0,0.96,1.0,0.98,0.98,0.98,0.98,1.0,1.0,0.92,1.0,0.98,0.98,1.0,1.0,1.0,1.0,1.0,0.76,0.96,0.98,1.0,0.98,0.98,1.0,1.0,0.98,1.0,1.0,0.96,0.98,0.98,1.0,1.0,1.0,1.0,0.96,0.7,0.92,0.98,1.0,1.0,0.16,1.0,0.78,1.0,1.0,0.94,0.98,1.0,1.0,0.98,0.96,0.02,1.0,0.88,0.98,0.98,0.98,0.76,1.0,1.0,1.0,1.0,0.99,0.18,1.0,1.0,0.7,0.96,1.0,0.2,0.98,0.98,0.96,0.98,0.9,1.0,0.98,0.98,1.0,0.98,0.96,0.98,0.9,1.0,1.0,0.96,0.74,0.74,0.98,0.98,0.26,1.0,0.98,1.0,0.94,1.0,0.98,1.0,0.86,0.98,0.98,1.0,0.98,0.96,1.0,0.98,1.0,0.88,0.98,0.64,0.98,0.76,1.0,0.58,1.0,1.0,0.76,0.98,0.92,0.9,0.98,0.98,0.8,1.0,1.0,1.0,1.0,1.0,1.0,0.98,0.76,0.96,0.98,1.0,1.0,1.0,0.98,0.98,0.98,1.0,0.98,1.0,0.98,1.0,1.0,0.98,0.98,0.98,0.74,0.02,0.92,0.94,0.64,0.98,1.0,0.96,0.02,0.08,0.12,1.0,1.0,0.98,0.96,0.98,0.98,1.0,0.76,0.98,0.96,1.0,1.0,0.98,0.96,0.98,0.98,0.98,0.99,0.94,0.98,0.98,0.98,0.98,0.02,0.64,1.0,0.76,0.98,1.0,0.98,0.08,1.0,0.96,0.96,0.42,0.98,1.0,0.96,1.0,0.98,1.0,1.0,1.0,1.0,0.96,0.86,1.0,0.98,0.98,0.98,0.98,0.98,0.94,0.98,0.98,1.0,0.96,0.92,0.06,1.0,0.98,0.98,1.0,0.14,0.76,1.0,0.84,0.98,1.0,1.0,1.0,0.98,0.96,0.3,1.0,1.0,1.0,1.0,1.0,0.98,0.9,0.58,0.58,0.98,0.8,0.96,0.76,0.88,0.96,0.98,0.76,1.0,0.96,0.02,0.76,0.76,0.0,1.0,1.0,0.98,0.98,0.98,0.96,1.0,0.98,0.98,1.0,0.86,0.98,0.98,0.76,0.64,0.98,0.64,1.0,0.98,0.88,0.98,1.0,0.9,0.98,1.0,1.0,0.74,1.0,0.64,1.0,0.92,1.0,1.0,0.96,0.98,1.0,0.76,1.0,0.98,0.98,0.92,0.76,0.98,0.98,0.92,0.96,0.99,0.98,1.0,0.98,0.94,0.98,0.02,1.0,1.0,0.98,0.98,0.96,1.0,1.0,0.96,0.98,0.96,0.76,1.0,1.0,0.96,0.88,1.0,0.02,0.98,0.76,0.98,0.76,0.98,1.0,0.0,1.0,0.98,1.0,0.98,0.64,0.76,1.0,0.7,1.0,0.98,0.96,0.86,0.96,0.98,0.98,0.82,1.0,0.76,0.92,1.0,1.0,0.98,0.94,0.96,0.96,0.98,0.58,0.64,0.2,1.0,1.0,0.98,0.76,0.96,0.88,1.0,0.9,1.0,0.0,0.96,0.98,0.98,1.0,0.98,0.98,0.98,0.76,0.98,0.6,0.96,0.98,0.98,1.0,0.98,0.74,0.02,0.98,0.94,0.98,1.0,0.98,1.0,0.9,0.98,0.76,0.76,0.98,1.0,1.0,0.98,0.98,1.0,1.0,1.0,1.0,0.98,0.74,1.0,1.0,0.98,0.92,0.98,0.98,1.0,1.0,0.99,0.96,0.98,0.24,0.96,0.99,0.3,0.98,0.98,1.0,1.0,0.74,0.98,1.0
0.24,0.94,0.96,0.96,1.0,1.0,0.96,1.0,0.96,0.94,0.98,0.98,0.98,0.98,0.9,1.0,0.98,1.0,1.0,1.0,1.0,1.0,1.0,0.94,0.96,1.0,0.96,1.0,0.96,1.0,1.0,0.32,0.08,0.98,1.0,1.0,0.9,1.0,0.94,1.0,1.0,0.98,1.0,0.98,0.98,1.0,0.94,1.0,1.0,0.9,0.98,0.34,0.94,0.94,1.0,1.0,1.0,0.94,1.0,1.0,1.0,0.9,0.98,0.96,0.72,0.9,0.96,0.04,0.22,0.98,1.0,1.0,0.98,0.94,1.0,1.0,0.98,1.0,1.0,0.96,0.98,0.98,1.0,0.02,1.0,0.96,0.96,0.98,0.98,1.0,0.96,1.0,1.0,1.0,1.0,1.0,0.94,0.98,0.96,0.98,0.98,0.94,1.0,0.94,1.0,1.0,1.0,1.0,1.0,1.0,0.96,0.0,0.98,0.98,1.0,1.0,1.0,0.18,0.08,0.98,1.0,0.84,1.0,0.94,0.94,0.98,0.98,0.92,0.98,0.98,0.98,0.98,0.98,1.0,0.98,1.0,0.9,0.96,1.0,0.86,0.02,1.0,1.0,0.86,0.98,1.0,1.0,0.16,0.98,0.24,0.96,0.06,0.96,1.0,0.94,1.0,1.0,0.04,0.86,1.0,1.0,1.0,1.0,0.98,1.0,0.96,0.98,0.96,0.2,0.94,1.0,1.0,0.98,1.0,1.0,1.0,1.0,0.26,1.0,0.16,1.0,0.98,1.0,1.0,0.9,1.0,1.0,1.0,1.0,1.0,0.96,0.94,0.98,1.0,0.96,1.0,0.98,0.98,0.98,1.0,0.94,1.0,0.98,0.9,1.0,1.0,1.0,0.98,0.98,1.0,0.94,1.0,0.96,0.96,0.96,0.98,1.0,1.0,0.98,1.0,0.98,0.98,1.0,1.0,1.0,1.0,1.0,1.0,0.94,0.98,1.0,1.0,0.96,1.0,0.94,0.98,1.0,1.0,0.94,0.96,0.98,1.0,1.0,1.0,1.0,0.94,0.96,0.98,1.0,1.0,1.0,0.18,1.0,0.98,1.0,1.0,0.72,0.98,1.0,1.0,0.98,0.94,0.28,1.0,0.96,1.0,0.98,0.98,1.0,1.0,1.0,1.0,1.0,1.0,0.22,1.0,1.0,0.96,0.9,1.0,0.28,0.96,0.98,0.94,0.96,0.96,0.98,0.98,0.74,1.0,1.0,0.9,0.98,0.96,1.0,1.0,0.94,0.98,0.98,0.96,0.98,0.02,1.0,0.98,1.0,1.0,1.0,0.96,1.0,0.94,0.98,0.98,1.0,0.98,0.94,1.0,0.98,1.0,0.96,0.98,0.94,0.96,0.98,1.0,0.9,1.0,1.0,0.76,0.98,1.0,0.96,0.96,0.98,0.98,1.0,1.0,1.0,1.0,1.0,1.0,1.0,0.98,0.94,0.98,1.0,1.0,1.0,1.0,0.96,0.96,1.0,0.98,1.0,0.96,1.0,1.0,1.0,0.98,0.98,0.98,0.02,0.8,1.0,0.94,1.0,1.0,0.94,0.26,0.08,0.28,1.0,1.0,0.98,0.94,0.98,0.96,1.0,0.98,0.96,0.94,1.0,1.0,1.0,0.94,0.98,0.98,0.96,1.0,0.94,0.96,0.94,0.98,0.98,0.04,0.94,1.0,0.98,1.0,1.0,0.96,0.22,1.0,0.94,0.94,0.1,1.0,1.0,0.94,1.0,1.0,1.0,1.0,1.0,1.0,0.94,0.94,1.0,0.96,0.98,0.98,0.98,0.98,0.86,0.98,0.98,1.0,0.94,1.0,0.3,1.0,0.98,1.0,1.0,0.14,1.0,1.0,0.94,0.96,1.0,1.0,1.0,0.96,0.94,0.22,1.0,1.0,1.0,1.0,1.0,0.96,0.96,0.9,0.9,0.96,0.9,1.0,1.0,0.98,0.94,0.98,0.98,1.0,0.94,0.26,1.0,1.0,0.24,1.0,1.0,0.96,0.96,1.0,0.98,1.0,0.98,1.0,1.0,0.94,1.0,1.0,0.98,0.94,0.98,0.94,1.0,0.98,0.96,0.98,1.0,0.96,0.98,1.0,0.94,0.98,1.0,0.94,1.0,0.98,1.0,1.0,0.94,0.98,1.0,0.98,1.0,1.0,0.96,0.94,0.98,0.98,1.0,0.94,0.94,1.0,0.96,1.0,1.0,0.94,0.96,0.0,1.0,1.0,0.96,0.98,0.94,1.0,1.0,1.0,0.96,0.94,0.98,1.0,1.0,0.94,0.96,1.0,0.08,0.96,0.98,0.98,1.0,0.96,1.0,0.34,1.0,0.96,1.0,0.98,0.94,0.98,1.0,0.78,1.0,0.98,0.94,0.9,0.94,1.0,0.98,0.92,1.0,0.98,1.0,1.0,1.0,1.0,0.9,0.94,0.94,0.98,0.9,0.94,0.3,1.0,0.98,0.98,0.98,0.94,0.96,1.0,0.96,1.0,0.0,0.94,0.98,0.98,1.0,0.98,0.96,0.98,0.98,0.96,0.8,0.94,0.98,0.96,1.0,0.96,0.98,0.0,0.98,0.96,1.0,1.0,0.98,1.0,0.8,0.98,0.98,1.0,0.98,1.0,1.0,0.96,0.98,1.0,0.82,0.84,1.0,0.98,0.98,1.0,1.0,0.98,1.0,0.98,0.96,1.0,0.98,1.0,0.9,1.0,0.24,0.94,1.0,0.14,0.98,1.0,1.0,1.0,0.98,0.96,1.0
0.04,1.0,1.0,1.0,1.0,1.0,1.0,1.0,1.0,1.0,1.0,1.0,1.0,1.0,1.0,1.0,1.0,1.0,1.0,1.0,1.0,1.0,1.0,1.0,1.0,1.0,1.0,1.0,1.0,1.0,1.0,0.4,0.4,0.98,1.0,1.0,1.0,1.0,1.0,1.0,1.0,1.0,1.0,1.0,0.96,1.0,1.0,1.0,1.0,0.96,1.0,0.4,1.0,1.0,1.0,1.0,1.0,1.0,1.0,1.0,1.0,0.96,1.0,1.0,1.0,1.0,1.0,0.4,0.53,1.0,1.0,1.0,1.0,0.96,1.0,1.0,1.0,1.0,1.0,1.0,1.0,1.0,1.0,0.4,1.0,1.0,1.0,1.0,1.0,1.0,1.0,1.0,1.0,1.0,1.0,1.0,1.0,1.0,1.0,1.0,1.0,1.0,1.0,1.0,1.0,1.0,1.0,1.0,1.0,1.0,1.0,0.0,1.0,1.0,1.0,1.0,1.0,0.55,0.53,1.0,1.0,1.0,1.0,1.0,1.0,1.0,0.6,0.96,1.0,1.0,1.0,1.0,1.0,1.0,1.0,1.0,1.0,1.0,1.0,0.47,0.0,1.0,1.0,0.96,1.0,1.0,1.0,0.0,1.0,0.4,1.0,0.55,1.0,1.0,0.98,0.6,1.0,0.4,0.96,1.0,1.0,1.0,1.0,1.0,1.0,1.0,1.0,1.0,0.53,1.0,1.0,1.0,0.98,1.0,1.0,1.0,1.0,0.4,1.0,0.53,1.0,1.0,1.0,1.0,1.0,1.0,1.0,1.0,1.0,1.0,1.0,1.0,1.0,1.0,0.98,1.0,1.0,1.0,1.0,1.0,1.0,1.0,1.0,1.0,1.0,1.0,1.0,0.98,0.6,1.0,1.0,1.0,1.0,1.0,1.0,1.0,1.0,1.0,1.0,1.0,1.0,1.0,1.0,1.0,1.0,1.0,1.0,1.0,1.0,1.0,1.0,1.0,1.0,1.0,1.0,1.0,1.0,1.0,1.0,1.0,1.0,1.0,1.0,1.0,1.0,1.0,1.0,1.0,1.0,1.0,1.0,0.53,1.0,1.0,1.0,1.0,0.6,1.0,1.0,1.0,1.0,1.0,0.4,1.0,1.0,1.0,1.0,1.0,1.0,1.0,1.0,1.0,1.0,1.0,0.53,1.0,1.0,1.0,0.96,1.0,0.53,1.0,1.0,1.0,1.0,1.0,1.0,1.0,0.6,1.0,1.0,0.47,1.0,1.0,1.0,1.0,1.0,1.0,1.0,1.0,1.0,0.0,1.0,1.0,1.0,1.0,1.0,1.0,1.0,1.0,0.6,1.0,1.0,1.0,1.0,1.0,1.0,1.0,1.0,1.0,1.0,1.0,1.0,1.0,1.0,1.0,1.0,0.6,1.0,1.0,1.0,1.0,1.0,1.0,1.0,1.0,1.0,1.0,1.0,1.0,1.0,1.0,1.0,1.0,1.0,1.0,1.0,1.0,1.0,1.0,1.0,1.0,1.0,1.0,1.0,1.0,1.0,1.0,1.0,1.0,0.4,0.47,1.0,1.0,1.0,1.0,1.0,0.4,0.53,0.4,1.0,1.0,1.0,1.0,1.0,1.0,1.0,1.0,1.0,0.98,1.0,1.0,1.0,1.0,1.0,1.0,1.0,1.0,0.96,1.0,1.0,1.0,1.0,0.4,1.0,1.0,1.0,1.0,1.0,1.0,0.52,1.0,1.0,1.0,0.0,1.0,1.0,1.0,1.0,1.0,1.0,1.0,1.0,1.0,1.0,1.0,1.0,1.0,1.0,1.0,1.0,1.0,0.96,1.0,1.0,1.0,1.0,1.0,0.53,1.0,1.0,1.0,1.0,0.53,1.0,1.0,1.0,0.96,1.0,1.0,1.0,1.0,1.0,0.4,1.0,1.0,1.0,1.0,1.0,1.0,1.0,1.0,1.0,1.0,1.0,1.0,1.0,1.0,1.0,1.0,1.0,1.0,1.0,0.4,1.0,1.0,0.4,1.0,1.0,1.0,1.0,1.0,1.0,1.0,1.0,1.0,1.0,1.0,1.0,0.6,1.0,1.0,1.0,1.0,1.0,1.0,1.0,1.0,1.0,0.98,1.0,1.0,1.0,1.0,1.0,1.0,1.0,1.0,1.0,1.0,1.0,1.0,1.0,1.0,1.0,1.0,1.0,1.0,1.0,1.0,1.0,1.0,1.0,1.0,1.0,1.0,1.0,0.96,1.0,0.4,1.0,1.0,1.0,1.0,1.0,1.0,1.0,1.0,1.0,1.0,1.0,1.0,1.0,1.0,1.0,1.0,0.52,1.0,1.0,1.0,1.0,1.0,1.0,0.4,1.0,1.0,1.0,0.6,1.0,1.0,1.0,0.6,1.0,1.0,1.0,0.96,1.0,1.0,1.0,1.0,1.0,1.0,1.0,1.0,1.0,1.0,0.96,1.0,1.0,1.0,1.0,1.0,0.53,0.6,0.98,1.0,1.0,1.0,1.0,1.0,1.0,1.0,0.4,1.0,1.0,1.0,1.0,1.0,1.0,1.0,1.0,1.0,0.47,1.0,1.0,1.0,1.0,1.0,1.0,0.4,1.0,1.0,1.0,1.0,1.0,1.0,0.47,1.0,1.0,1.0,1.0,1.0,1.0,1.0,1.0,1.0,0.6,0.6,1.0,1.0,1.0,1.0,1.0,1.0,1.0,1.0,1.0,1.0,0.98,1.0,0.96,1.0,0.4,1.0,1.0,0.53,1.0,1.0,1.0,1.0,1.0,1.0,1.0
0.0,1.0,1.0,1.0,1.0,1.0,1.0,1.0,1.0,1.0,1.0,1.0,1.0,1.0,1.0,1.0,1.0,1.0,1.0,1.0,1.0,1.0,1.0,1.0,1.0,1.0,1.0,1.0,1.0,1.0,1.0,0.0,0.0,0.96,1.0,1.0,1.0,1.0,1.0,1.0,1.0,1.0,1.0,1.0,1.0,1.0,1.0,1.0,1.0,1.0,1.0,0.0,1.0,1.0,1.0,1.0,1.0,1.0,1.0,1.0,1.0,1.0,1.0,1.0,1.0,1.0,1.0,0.0,0.0,1.0,1.0,0.8983333333333334,1.0,1.0,1.0,1.0,1.0,1.0,1.0,1.0,1.0,1.0,1.0,0.02,1.0,1.0,1.0,1.0,1.0,1.0,1.0,1.0,1.0,1.0,1.0,1.0,1.0,1.0,1.0,1.0,1.0,1.0,1.0,1.0,1.0,1.0,0.98,1.0,1.0,1.0,1.0,0.10166666666666668,1.0,1.0,1.0,1.0,1.0,0.04,0.0,1.0,1.0,1.0,1.0,1.0,1.0,1.0,1.0,1.0,1.0,1.0,1.0,1.0,1.0,1.0,1.0,1.0,1.0,1.0,1.0,1.0,0.02,1.0,0.98,1.0,1.0,1.0,0.975,0.0,1.0,0.0,1.0,0.04,1.0,1.0,0.93,1.0,1.0,0.0,1.0,1.0,1.0,1.0,1.0,1.0,1.0,1.0,1.0,1.0,0.0,1.0,1.0,1.0,0.98,1.0,1.0,1.0,1.0,0.0,1.0,0.0,1.0,1.0,1.0,1.0,1.0,1.0,1.0,1.0,1.0,1.0,1.0,1.0,1.0,1.0,0.98,1.0,1.0,1.0,1.0,1.0,1.0,1.0,1.0,1.0,1.0,1.0,1.0,0.96,1.0,1.0,1.0,1.0,1.0,1.0,1.0,1.0,1.0,1.0,1.0,1.0,1.0,1.0,1.0,1.0,1.0,1.0,1.0,1.0,1.0,1.0,1.0,1.0,1.0,1.0,1.0,1.0,1.0,1.0,1.0,1.0,1.0,1.0,1.0,1.0,1.0,1.0,1.0,1.0,1.0,1.0,1.0,0.10166666666666668,0.9833333333333334,1.0,1.0,1.0,1.0,1.0,1.0,1.0,1.0,1.0,0.0,1.0,1.0,1.0,1.0,1.0,1.0,1.0,1.0,1.0,1.0,0.8983333333333334,0.0,0.99,1.0,1.0,1.0,1.0,0.0,1.0,1.0,1.0,1.0,1.0,1.0,1.0,1.0,1.0,1.0,1.0,1.0,1.0,1.0,1.0,1.0,1.0,1.0,1.0,1.0,0.0,1.0,1.0,1.0,1.0,1.0,1.0,1.0,1.0,1.0,1.0,1.0,1.0,1.0,1.0,1.0,1.0,1.0,1.0,1.0,1.0,1.0,1.0,1.0,1.0,1.0,1.0,1.0,1.0,1.0,1.0,1.0,1.0,0.98,1.0,1.0,1.0,1.0,1.0,1.0,1.0,1.0,1.0,1.0,1.0,0.98,1.0,1.0,1.0,1.0,1.0,1.0,1.0,1.0,1.0,0.98,1.0,1.0,1.0,0.0,1.0,1.0,1.0,1.0,1.0,1.0,0.0,0.0,0.0,1.0,1.0,1.0,1.0,1.0,1.0,1.0,1.0,1.0,0.96,1.0,1.0,1.0,1.0,1.0,1.0,1.0,1.0,1.0,1.0,1.0,1.0,1.0,0.0,1.0,1.0,1.0,1.0,1.0,1.0,0.02,1.0,1.0,1.0,0.0,1.0,1.0,1.0,1.0,1.0,1.0,1.0,1.0,1.0,1.0,1.0,1.0,1.0,1.0,1.0,1.0,1.0,1.0,1.0,1.0,1.0,1.0,1.0,0.0,1.0,1.0,1.0,1.0,0.0,1.0,1.0,1.0,1.0,1.0,1.0,1.0,1.0,1.0,0.0,1.0,1.0,1.0,1.0,1.0,1.0,1.0,1.0,1.0,1.0,1.0,1.0,1.0,1.0,1.0,1.0,1.0,1.0,1.0,0.0,1.0,1.0,0.0,1.0,1.0,1.0,1.0,1.0,1.0,1.0,1.0,0.98,1.0,1.0,1.0,1.0,1.0,1.0,1.0,1.0,1.0,1.0,1.0,1.0,1.0,0.98,1.0,1.0,1.0,1.0,1.0,1.0,1.0,1.0,1.0,1.0,1.0,1.0,1.0,1.0,1.0,0.9633333333333334,1.0,1.0,1.0,1.0,1.0,1.0,1.0,1.0,1.0,1.0,1.0,1.0,1.0,0.02,1.0,1.0,1.0,1.0,1.0,1.0,1.0,1.0,1.0,1.0,1.0,1.0,1.0,1.0,0.98,1.0,0.04,1.0,1.0,1.0,1.0,1.0,1.0,0.0,1.0,1.0,1.0,1.0,1.0,1.0,1.0,1.0,1.0,1.0,1.0,1.0,1.0,0.98,1.0,1.0,1.0,1.0,1.0,1.0,1.0,0.98,1.0,1.0,1.0,1.0,1.0,1.0,0.0,1.0,0.98,1.0,1.0,1.0,1.0,1.0,1.0,1.0,0.0,1.0,1.0,1.0,1.0,1.0,1.0,1.0,1.0,1.0,1.0,1.0,1.0,1.0,1.0,1.0,1.0,0.0,1.0,1.0,1.0,1.0,1.0,1.0,1.0,1.0,1.0,1.0,1.0,1.0,1.0,1.0,1.0,1.0,1.0,1.0,1.0,1.0,1.0,1.0,1.0,1.0,1.0,1.0,1.0,1.0,0.98,1.0,1.0,1.0,0.0,1.0,1.0,0.0,1.0,1.0,1.0,1.0,1.0,1.0,1.0
0.0,1.0,1.0,1.0,1.0,1.0,1.0,1.0,1.0,1.0,1.0,1.0,1.0,1.0,1.0,1.0,1.0,1.0,1.0,1.0,1.0,1.0,1.0,0.98,1.0,1.0,1.0,1.0,1.0,1.0,1.0,0.58,0.46,1.0,1.0,1.0,1.0,1.0,1.0,1.0,1.0,1.0,1.0,1.0,1.0,1.0,1.0,1.0,1.0,1.0,1.0,0.52,1.0,1.0,1.0,1.0,1.0,1.0,1.0,1.0,1.0,1.0,1.0,1.0,0.92,1.0,1.0,0.42,0.4,1.0,1.0,1.0,1.0,1.0,1.0,1.0,1.0,1.0,1.0,1.0,1.0,1.0,1.0,0.54,1.0,1.0,1.0,1.0,1.0,1.0,1.0,1.0,1.0,1.0,1.0,1.0,1.0,1.0,1.0,1.0,1.0,1.0,1.0,0.98,1.0,1.0,0.98,1.0,1.0,1.0,1.0,0.0,1.0,0.98,1.0,1.0,1.0,0.42,0.3,1.0,1.0,1.0,1.0,1.0,1.0,1.0,0.76,1.0,1.0,1.0,1.0,1.0,1.0,1.0,1.0,0.98,1.0,1.0,1.0,0.6,0.34,1.0,1.0,1.0,1.0,1.0,1.0,0.0,1.0,0.42,1.0,0.38,1.0,1.0,0.96,0.88,1.0,0.54,1.0,1.0,1.0,1.0,1.0,1.0,1.0,1.0,1.0,1.0,0.4,1.0,1.0,1.0,1.0,1.0,1.0,1.0,1.0,0.3,1.0,0.38,1.0,1.0,1.0,1.0,1.0,1.0,1.0,1.0,1.0,1.0,1.0,1.0,1.0,1.0,1.0,1.0,1.0,1.0,1.0,1.0,1.0,1.0,1.0,1.0,1.0,1.0,1.0,1.0,0.6,1.0,1.0,1.0,1.0,1.0,1.0,1.0,1.0,1.0,1.0,1.0,1.0,1.0,1.0,1.0,1.0,1.0,1.0,1.0,1.0,1.0,1.0,1.0,1.0,1.0,1.0,1.0,1.0,1.0,1.0,1.0,1.0,1.0,1.0,1.0,1.0,1.0,1.0,1.0,1.0,1.0,1.0,0.38,1.0,1.0,1.0,1.0,0.66,1.0,1.0,1.0,1.0,1.0,0.36,1.0,1.0,1.0,1.0,1.0,1.0,1.0,1.0,1.0,1.0,1.0,0.4,1.0,1.0,1.0,1.0,1.0,0.42,1.0,1.0,1.0,1.0,1.0,0.98,1.0,0.74,1.0,1.0,0.62,1.0,1.0,1.0,1.0,1.0,1.0,1.0,1.0,1.0,0.36,1.0,1.0,1.0,1.0,1.0,1.0,1.0,1.0,0.52,1.0,1.0,1.0,1.0,1.0,1.0,1.0,1.0,1.0,1.0,1.0,1.0,1.0,1.0,1.0,1.0,0.74,0.98,1.0,1.0,1.0,1.0,1.0,1.0,1.0,1.0,1.0,1.0,1.0,1.0,1.0,1.0,1.0,0.7,1.0,0.98,0.98,1.0,0.98,1.0,1.0,1.0,1.0,1.0,1.0,1.0,1.0,1.0,1.0,0.36,0.74,1.0,1.0,1.0,1.0,1.0,0.42,0.36,0.44,1.0,1.0,1.0,1.0,1.0,1.0,1.0,1.0,1.0,1.0,1.0,1.0,1.0,1.0,1.0,1.0,1.0,1.0,1.0,1.0,1.0,1.0,1.0,0.4,1.0,1.0,1.0,1.0,1.0,1.0,0.34,1.0,1.0,1.0,0.0,1.0,1.0,1.0,1.0,1.0,1.0,0.9,1.0,1.0,1.0,1.0,1.0,1.0,1.0,1.0,1.0,1.0,1.0,1.0,1.0,1.0,0.98,1.0,0.3,1.0,1.0,1.0,1.0,0.38,1.0,1.0,1.0,1.0,0.98,1.0,1.0,1.0,1.0,0.28,1.0,1.0,1.0,1.0,1.0,0.98,1.0,1.0,1.0,1.0,1.0,1.0,1.0,1.0,1.0,1.0,1.0,1.0,1.0,0.34,1.0,1.0,0.28,1.0,1.0,1.0,1.0,1.0,1.0,1.0,1.0,1.0,1.0,1.0,1.0,0.6,1.0,1.0,1.0,1.0,1.0,1.0,1.0,0.9,1.0,1.0,1.0,1.0,1.0,1.0,1.0,1.0,1.0,1.0,1.0,1.0,1.0,1.0,1.0,1.0,1.0,1.0,1.0,0.98,1.0,1.0,1.0,1.0,1.0,1.0,1.0,0.98,1.0,1.0,1.0,0.38,1.0,1.0,1.0,0.98,1.0,1.0,1.0,1.0,1.0,1.0,1.0,1.0,1.0,1.0,0.98,1.0,0.38,1.0,1.0,1.0,1.0,1.0,1.0,0.54,1.0,0.98,1.0,0.7,1.0,1.0,1.0,0.74,1.0,1.0,1.0,0.98,1.0,0.98,1.0,1.0,1.0,1.0,1.0,1.0,1.0,1.0,1.0,1.0,1.0,1.0,1.0,1.0,0.26,0.88,1.0,1.0,1.0,1.0,1.0,1.0,1.0,1.0,0.4,1.0,1.0,1.0,1.0,1.0,1.0,1.0,1.0,1.0,0.6,1.0,1.0,1.0,1.0,1.0,1.0,0.38,1.0,1.0,0.98,1.0,0.98,1.0,0.7,1.0,1.0,1.0,1.0,1.0,1.0,1.0,1.0,1.0,0.86,0.72,1.0,1.0,1.0,1.0,0.9,1.0,1.0,1.0,1.0,1.0,0.98,1.0,1.0,1.0,0.28,1.0,1.0,0.4,1.0,1.0,1.0,1.0,1.0,1.0,1.0
